controller,condition,seed,success,steps,path_length,collisions,tortuosity,odor_detection_percentage,final_distance_to_source
random,normal,3000,False,600,28.000000000000036,123,3.947958730419276,5.666666666666666,10.277456282259745
random,normal,3001,False,600,50.39999999999999,8,12.530701569174733,48.16666666666667,17.196311247692922
random,normal,3002,False,600,39.999999999999964,46,7.717607536204919,22.833333333333332,15.47172551805695
random,normal,3003,False,600,32.48000000000001,97,9.702397445686865,12.0,10.996934907363999
random,normal,3004,False,600,45.119999999999976,10,8.188190539116144,73.5,8.962268914277837
random,normal,3005,False,600,41.92,38,9.219555994657059,46.0,11.49598022818571
random,normal,3006,False,600,39.35999999999999,30,5.81099281292144,18.5,9.879985263982686
random,normal,3007,False,600,48.479999999999976,7,12.340003900358134,43.833333333333336,16.12214968985176
random,normal,3008,False,600,39.67999999999998,55,5.930470943428634,33.666666666666664,7.324226311624301
random,normal,3009,False,600,32.16000000000002,99,4.639068952271555,12.5,17.730730003998875
random,normal,3010,False,600,40.480000000000004,60,4.569948541916264,6.333333333333334,8.376370291182846
random,normal,3011,False,600,39.519999999999996,69,2.4685115726155837,16.666666666666664,3.1112370261699716
random,normal,3012,False,600,37.92,52,7.1237160296805575,43.833333333333336,8.774422490711707
random,normal,3013,False,600,46.88000000000001,26,37.82938824135913,71.5,13.154771121833406
random,normal,3014,False,600,45.120000000000005,28,9.24786847975745,34.0,11.471337065857625
random,normal,3015,False,600,44.0,34,9.115151808729665,18.0,16.41904920436608
random,normal,3016,False,600,44.79999999999998,21,4.383165899490697,47.66666666666667,4.016860023659778
random,normal,3017,False,600,39.68000000000005,52,4.321581467131666,12.5,9.174731797019819
random,normal,3018,False,600,36.32000000000002,48,5.42857597485839,66.16666666666666,7.428620176034677
random,normal,3019,False,600,45.76000000000003,11,20.091355354928737,61.33333333333333,16.386205809294008
random,normal,3020,False,600,40.480000000000004,66,9.688019415349977,35.16666666666667,17.2176658314559
random,normal,3021,False,600,44.79999999999998,20,7.0944669718654065,49.5,10.66066980108224
random,normal,3022,False,600,39.67999999999999,48,10.811348536474986,76.66666666666667,17.18871488521431
random,normal,3023,False,600,43.04000000000003,39,10.934843403272636,15.0,17.219445218943086
random,normal,3024,False,600,31.839999999999986,103,3.6906217147977225,6.833333333333333,9.04869710029249
random,normal,3025,True,421,33.6,13,2.335364217293362,7.363420427553444,0.391569862535554
random,normal,3026,False,600,42.079999999999984,37,7.152888070814991,63.33333333333333,13.429799207023928
random,normal,3027,False,600,41.28,12,6.302122487016726,53.833333333333336,17.3635648717916
random,normal,3028,False,600,32.479999999999976,92,8.31972754466695,5.666666666666666,12.506819268784707
random,normal,3029,False,600,40.8,36,6.056651190979684,59.0,11.020674936457784
random,normal,3030,False,600,32.79999999999998,94,4.9303214857357975,9.0,9.03630997025802
random,normal,3031,False,600,34.24000000000002,118,8.554228640996485,31.666666666666664,16.98239784092619
random,normal,3032,False,600,48.0,1,5.584167813494473,39.33333333333333,9.546604597742553
random,normal,3033,False,600,43.20000000000003,50,6.873505294020836,45.666666666666664,17.602719303376496
random,normal,3034,False,600,44.64000000000002,15,10.367374290667694,31.833333333333336,14.429815516728763
random,normal,3035,False,600,44.639999999999986,24,7.702168319542992,28.833333333333332,12.752385930148094
random,normal,3036,False,600,40.00000000000001,48,5.372039861799942,20.5,7.520809469601122
random,normal,3037,False,600,43.83999999999999,11,5.532194151370264,38.0,6.24441058897726
random,normal,3038,False,600,41.59999999999998,54,15.958556986597578,52.666666666666664,16.462184476576013
random,normal,3039,False,600,38.400000000000006,47,6.6123934080354525,66.0,10.201703077478749
random,normal,3040,False,600,43.67999999999998,28,3.1370829236830824,57.166666666666664,4.054150938864581
random,normal,3041,False,600,44.16000000000002,20,9.790663102717712,48.66666666666667,11.33438366116506
random,normal,3042,False,600,40.480000000000025,28,14.321547592773411,72.16666666666667,14.21199106272298
random,normal,3043,False,600,41.76000000000002,16,14.079894867716389,13.833333333333334,11.747093157300732
random,normal,3044,False,600,41.28,45,5.933034083772474,21.666666666666668,17.506289837212826
random,normal,3045,False,600,34.08,94,4.169816111348153,0.0,10.333095617002122
random,normal,3046,False,600,47.51999999999999,17,11.227623055877043,40.666666666666664,13.115977314022103
random,normal,3047,False,600,36.31999999999999,75,8.043708237955943,14.166666666666666,12.301264713606791
random,normal,3048,False,600,38.71999999999998,51,8.334887051999402,29.333333333333332,11.958397833985757
random,normal,3049,False,600,39.519999999999996,53,5.529166793974542,68.66666666666667,7.4265283602256
moth,normal,3000,True,538,30.079999999999966,329,2.1884507669967,77.5092936802974,0.4015886325124001
moth,normal,3001,True,242,35.35999999999999,0,2.571432778555515,49.17355371900827,0.33141311238436444
moth,normal,3002,True,246,36.0,0,2.6228595985199092,50.40650406504065,0.3251385671153084
moth,normal,3003,True,238,34.72000000000003,0,2.545477602594366,49.159663865546214,0.4194427456040243
moth,normal,3004,False,600,28.47999999999987,396,6.0674328599122935,74.0,10.002391165344692
moth,normal,3005,True,272,35.20000000000002,31,2.5859380842651483,55.88235294117647,0.39966514504678796
moth,normal,3006,True,242,35.36000000000001,0,2.5911915022848935,49.586776859504134,0.4475696234532625
moth,normal,3007,True,261,35.67999999999999,17,2.614106908072898,53.25670498084292,0.41826444029961396
moth,normal,3008,True,242,35.36000000000001,0,2.5843574757871535,50.0,0.3662179077228478
moth,normal,3009,True,250,36.63999999999998,0,2.655402896073333,49.6,0.3298512326484001
moth,normal,3010,True,207,29.759999999999994,0,2.1814665351712397,41.06280193236715,0.4336125468338763
moth,normal,3011,True,297,43.35999999999993,0,3.175849349094246,47.81144781144781,0.4104674488384777
moth,normal,3012,False,600,20.319999999999997,452,4.977536761716699,79.5,9.988560842609754
moth,normal,3013,True,312,40.32000000000006,39,2.86063720264333,60.57692307692307,0.39567998544715777
moth,normal,3014,True,248,36.32000000000001,0,2.6351258201883474,50.0,0.33487397413859993
moth,normal,3015,True,242,35.36,0,2.5873781086659826,49.17355371900827,0.421326628980203
moth,normal,3016,True,335,49.440000000000026,0,3.5983061526744895,54.328358208955216,0.3294677912237001
moth,normal,3017,True,250,36.63999999999998,0,2.6765310074451585,51.6,0.4121391080640409
moth,normal,3018,True,211,30.399999999999967,0,2.2165781550592585,41.23222748815166,0.4040648835616117
moth,normal,3019,True,248,36.15999999999997,0,2.633199003419243,49.193548387096776,0.44717021054271205
moth,normal,3020,True,243,35.52000000000005,0,2.579013455902112,48.971193415637856,0.43639858731144304
moth,normal,3021,True,250,36.63999999999997,0,2.6465602352729207,50.8,0.33051363538489736
moth,normal,3022,True,341,51.20000000000002,0,3.741589935257915,63.929618768328446,0.4235713493050609
moth,normal,3023,True,239,34.88000000000001,0,2.5373200471565576,48.53556485355649,0.399516530709648
moth,normal,3024,True,279,41.279999999999944,0,3.03256579942389,56.272401433691755,0.4258556726934111
moth,normal,3025,False,600,29.43999999999999,388,6.2119903445739295,72.83333333333334,9.95942455898029
moth,normal,3026,True,384,50.07999999999997,44,3.6201943654187114,58.072916666666664,0.3623062488632987
moth,normal,3027,True,210,30.239999999999952,0,2.2042339543239526,41.904761904761905,0.3146394053729889
moth,normal,3028,True,306,44.479999999999976,0,3.228570411441442,46.07843137254902,0.36675425475853457
moth,normal,3029,True,212,30.560000000000002,0,2.1977014536049837,42.45283018867924,0.36296983103261427
moth,normal,3030,True,299,43.519999999999975,0,3.1890292037847225,47.82608695652174,0.40896633819433886
moth,normal,3031,False,600,23.67999999999997,431,3.1114670332300522,79.83333333333333,6.557224932555674
moth,normal,3032,True,242,35.35999999999996,0,2.5923694074086945,49.586776859504134,0.39872188326624236
moth,normal,3033,True,293,30.399999999999984,82,2.200456776557866,58.02047781569966,0.3670724071969939
moth,normal,3034,True,242,35.359999999999964,0,2.6013271994165224,50.0,0.4238216503200747
moth,normal,3035,True,265,39.04000000000004,0,2.8193014795759774,54.339622641509436,0.3827810915151519
moth,normal,3036,True,243,35.52000000000004,0,2.594319893002219,48.971193415637856,0.3202606042360655
moth,normal,3037,False,600,24.480000000000004,426,3.0371741663049754,79.5,6.535513862882184
moth,normal,3038,True,272,39.03999999999999,0,2.8052296302409805,39.338235294117645,0.3764036921063887
moth,normal,3039,True,242,35.35999999999997,0,2.570521676300388,48.760330578512395,0.3746581954003071
moth,normal,3040,True,245,35.83999999999996,0,2.620090611555761,50.61224489795918,0.42340835703199753
moth,normal,3041,True,305,36.160000000000046,58,2.641888001300054,60.32786885245902,0.330047928068836
moth,normal,3042,True,251,36.80000000000007,0,2.64397756706068,50.199203187250994,0.41211604265145724
moth,normal,3043,True,250,36.63999999999996,0,2.6723234069108845,50.4,0.37414521219162117
moth,normal,3044,False,600,23.839999999999986,430,3.1284458403740927,79.66666666666666,6.440903166479497
moth,normal,3045,True,207,29.92,0,2.1760946051155527,42.028985507246375,0.34532237783064496
moth,normal,3046,False,600,23.84000000000002,430,3.099442409871669,79.66666666666666,6.439801559454674
moth,normal,3047,False,600,23.840000000000003,430,3.141746622073425,79.5,6.510884616506243
moth,normal,3048,True,210,30.24000000000005,0,2.1428827979086162,41.904761904761905,0.4397113735050509
moth,normal,3049,True,211,30.39999999999997,0,2.203731856463531,41.23222748815166,0.3281231558323892
ppo_normal,normal,3000,True,104,15.04,0,1.096280739407189,49.03846153846153,0.41997136050005746
ppo_normal,normal,3001,True,122,16.8,0,1.1607217168521289,54.09836065573771,0.4316496433023883
ppo_normal,normal,3002,True,108,15.679999999999996,0,1.0874944340988586,55.55555555555556,0.4232874466488035
ppo_normal,normal,3003,True,116,15.840000000000007,0,1.096138566217663,54.310344827586206,0.44361042038068516
ppo_normal,normal,3004,True,130,16.00000000000001,0,1.1177510599934202,53.84615384615385,0.4356741159235483
ppo_normal,normal,3005,True,107,15.2,0,1.1120336440989789,54.20560747663551,0.36064137004231656
ppo_normal,normal,3006,True,119,16.799999999999997,0,1.1626985868801307,55.46218487394958,0.401563470345679
ppo_normal,normal,3007,True,183,25.44,0,1.8084050599675425,71.58469945355192,0.40400875567769345
ppo_normal,normal,3008,True,96,14.719999999999992,0,1.0483428525946554,48.95833333333333,0.44598721161476634
ppo_normal,normal,3009,True,119,16.96000000000001,0,1.1856859519800427,52.10084033613446,0.37655984295817174
ppo_normal,normal,3010,True,113,14.720000000000006,0,1.0613913986992192,50.442477876106196,0.3712505632603465
ppo_normal,normal,3011,True,126,16.160000000000004,0,1.1265001546898787,56.34920634920635,0.2995823880859791
ppo_normal,normal,3012,True,119,16.639999999999993,0,1.147046850610582,53.78151260504202,0.4360993873467171
ppo_normal,normal,3013,True,210,28.799999999999986,0,1.9831254323661243,72.85714285714285,0.4429966449232846
ppo_normal,normal,3014,True,113,15.520000000000017,0,1.0840291633702812,53.09734513274337,0.38234363406430466
ppo_normal,normal,3015,True,126,17.279999999999994,0,1.1897905661018273,53.96825396825397,0.4467877793405975
ppo_normal,normal,3016,True,110,15.680000000000007,0,1.0868535440752018,55.45454545454545,0.4203764538199024
ppo_normal,normal,3017,True,108,15.04000000000001,0,1.0745894816944446,52.77777777777778,0.41502336372571524
ppo_normal,normal,3018,True,131,16.320000000000018,0,1.1221793291834898,54.961832061068705,0.42988075218751437
ppo_normal,normal,3019,True,125,17.43999999999998,0,1.1978681377897191,55.2,0.44020104245478636
ppo_normal,normal,3020,True,111,16.320000000000018,0,1.1584953546466095,48.64864864864865,0.39980593862208963
ppo_normal,normal,3021,True,126,16.31999999999999,0,1.121382539350753,53.96825396825397,0.43343412500545836
ppo_normal,normal,3022,True,189,25.599999999999994,0,1.8644488920965576,71.42857142857143,0.33120807919920625
ppo_normal,normal,3023,True,213,28.799999999999997,0,1.983442281066366,71.83098591549296,0.4411921070015727
ppo_normal,normal,3024,True,105,15.520000000000003,0,1.087540975526252,53.333333333333336,0.4043627248328261
ppo_normal,normal,3025,True,131,15.839999999999998,0,1.0934139407815806,54.19847328244275,0.426191850527793
ppo_normal,normal,3026,True,135,16.159999999999997,0,1.1106206157100136,52.59259259259259,0.440662487815035
ppo_normal,normal,3027,True,112,15.680000000000001,0,1.1020290590500783,54.46428571428571,0.37984750412923685
ppo_normal,normal,3028,True,134,16.32000000000003,0,1.1428488834769441,53.73134328358209,0.4329228719967274
ppo_normal,normal,3029,True,103,15.200000000000024,0,1.0895759097792883,49.51456310679612,0.38596127788368095
ppo_normal,normal,3030,True,113,15.840000000000003,0,1.096902820356377,54.86725663716814,0.43012629854009016
ppo_normal,normal,3031,True,177,24.000000000000007,0,1.6769286143486306,70.62146892655367,0.40808161445680863
ppo_normal,normal,3032,True,111,15.840000000000003,0,1.1080553826479553,54.054054054054056,0.3734836603331504
ppo_normal,normal,3033,True,385,54.24,0,3.7742470540607207,87.01298701298701,0.4071444097004354
ppo_normal,normal,3034,True,105,15.360000000000012,0,1.0797573249723287,52.38095238095239,0.42920766903918633
ppo_normal,normal,3035,True,105,15.359999999999989,0,1.088738228817578,51.42857142857142,0.4001057548809893
ppo_normal,normal,3036,True,106,15.519999999999992,0,1.0829152135282756,52.83018867924528,0.3643359943987867
ppo_normal,normal,3037,True,209,29.12,0,2.034544233258313,73.20574162679426,0.35030817118898927
ppo_normal,normal,3038,True,127,16.159999999999986,0,1.1158525550935645,53.54330708661418,0.4120333856424321
ppo_normal,normal,3039,True,127,16.160000000000004,0,1.1151351044029558,55.118110236220474,0.374144924963862
ppo_normal,normal,3040,True,100,14.72,0,1.0589249990373586,48.0,0.3983261466968052
ppo_normal,normal,3041,True,113,16.000000000000004,0,1.1068743348949437,54.86725663716814,0.44877487059909393
ppo_normal,normal,3042,True,98,15.04,0,1.0610548001898996,52.04081632653062,0.43209231032719525
ppo_normal,normal,3043,True,163,21.12000000000002,0,1.5148636997750022,64.41717791411043,0.3214023385953476
ppo_normal,normal,3044,True,114,14.879999999999992,0,1.07863305715801,50.0,0.33612820755386164
ppo_normal,normal,3045,True,108,15.679999999999989,0,1.090993156814752,55.55555555555556,0.4297002977323646
ppo_normal,normal,3046,True,99,14.719999999999999,0,1.076966379992467,48.484848484848484,0.33811888372739846
ppo_normal,normal,3047,True,121,15.999999999999979,0,1.1102800648776838,54.54545454545454,0.34557705807305455
ppo_normal,normal,3048,True,107,15.519999999999996,0,1.0959497215738456,53.271028037383175,0.3269393421547069
ppo_normal,normal,3049,True,178,24.800000000000004,0,1.7126925183969264,69.10112359550563,0.3971723667267677
ppo_robust,normal,3000,True,258,34.88000000000001,0,2.4673540959235236,53.875968992248055,0.37573544874105586
ppo_robust,normal,3001,False,600,23.360000000000003,0,5.29181504044409,0.0,11.364661315508123
ppo_robust,normal,3002,True,143,21.599999999999987,0,1.5311768129727787,14.685314685314685,0.4177377885173121
ppo_robust,normal,3003,True,112,16.64000000000001,0,1.1519170487272807,49.107142857142854,0.4390080579922954
ppo_robust,normal,3004,True,107,16.16,0,1.1155432419492928,53.271028037383175,0.41586748601939955
ppo_robust,normal,3005,True,214,28.320000000000014,0,2.013266077098026,39.25233644859813,0.42760832744837485
ppo_robust,normal,3006,False,600,16.959999999999994,0,3.677037260518136,0.0,11.326644265585463
ppo_robust,normal,3007,True,264,35.519999999999975,0,2.574102554981179,46.590909090909086,0.363330967490239
ppo_robust,normal,3008,True,234,27.200000000000003,0,1.8910244940895269,77.77777777777779,0.4477216677963118
ppo_robust,normal,3009,False,600,14.400000000000015,0,3.3364177341948484,0.0,11.218958679799595
ppo_robust,normal,3010,True,100,15.040000000000006,0,1.092011677972277,49.0,0.43475015642511117
ppo_robust,normal,3011,True,107,16.0,0,1.1085667666305659,52.336448598130836,0.39556192798360645
ppo_robust,normal,3012,False,600,13.759999999999984,0,3.5093909556392795,0.0,11.549296107852873
ppo_robust,normal,3013,False,600,13.600000000000009,0,3.3060915868797562,0.0,11.432090963732813
ppo_robust,normal,3014,True,105,16.00000000000001,0,1.16560689398955,46.666666666666664,0.33174118864317786
ppo_robust,normal,3015,False,600,22.55999999999999,0,6.161559966728632,0.0,11.798456562988262
ppo_robust,normal,3016,True,110,16.31999999999999,0,1.13820944220377,51.81818181818182,0.39077776042179496
ppo_robust,normal,3017,True,137,21.12000000000001,0,1.4871139531237574,11.678832116788321,0.40153007007270936
ppo_robust,normal,3018,True,138,21.439999999999994,0,1.4983033313282301,10.869565217391305,0.4416716999152045
ppo_robust,normal,3019,False,600,4.159999999999998,0,1.1064762054736768,0.0,11.387304318349345
ppo_robust,normal,3020,True,328,38.23999999999996,0,2.7489464667452306,58.231707317073166,0.35846237733757563
ppo_robust,normal,3021,True,222,25.280000000000005,0,1.8183621743863718,77.02702702702703,0.29974910080975137
ppo_robust,normal,3022,True,137,21.119999999999997,0,1.45952605816529,13.86861313868613,0.42393607519751886
ppo_robust,normal,3023,False,600,13.44000000000001,0,3.5604363539968364,0.0,11.614227206422497
ppo_robust,normal,3024,True,104,15.999999999999984,0,1.1121551941921635,50.0,0.3916576043047186
ppo_robust,normal,3025,True,105,15.839999999999996,0,1.1395332528230977,48.57142857142857,0.3851396644742009
ppo_robust,normal,3026,True,104,15.359999999999992,0,1.105722239139545,50.0,0.4223430930712109
ppo_robust,normal,3027,True,126,17.760000000000016,0,1.2375197238456728,55.55555555555556,0.3876062872334507
ppo_robust,normal,3028,True,193,26.080000000000037,0,1.8212913849789982,53.8860103626943,0.39311906911715766
ppo_robust,normal,3029,False,600,5.920000000000012,0,1.367732535695185,0.0,11.35989019497905
ppo_robust,normal,3030,True,112,16.640000000000008,0,1.1489736497667264,52.67857142857143,0.44589737095311005
ppo_robust,normal,3031,True,113,16.48,0,1.1499727764746916,53.98230088495575,0.3898107514957481
ppo_robust,normal,3032,True,104,15.840000000000003,0,1.1325367933952855,46.15384615384615,0.41866862646300607
ppo_robust,normal,3033,True,241,28.160000000000007,0,1.9608217684847673,77.17842323651453,0.3948664275288212
ppo_robust,normal,3034,True,97,15.040000000000003,0,1.0903310773785468,47.42268041237113,0.32870982126086373
ppo_robust,normal,3035,True,478,29.759999999999998,0,2.0944727792622726,83.05439330543933,0.38335164345532424
ppo_robust,normal,3036,True,135,18.72,0,1.2982763844791878,59.25925925925925,0.4291686342027849
ppo_robust,normal,3037,False,600,5.759999999999999,0,1.3401758747751913,0.0,11.290909510986976
ppo_robust,normal,3038,True,134,21.120000000000008,0,1.4661822250949852,8.955223880597014,0.4330003918967349
ppo_robust,normal,3039,False,600,15.040000000000031,0,2.3200549955372693,0.0,11.76858616764906
ppo_robust,normal,3040,True,100,15.519999999999985,0,1.1282009827997175,44.0,0.3918204527093001
ppo_robust,normal,3041,True,114,16.8,0,1.1856610299325405,53.50877192982456,0.42978605103724155
ppo_robust,normal,3042,True,134,21.120000000000005,0,1.477115057352597,11.194029850746269,0.3955172986490491
ppo_robust,normal,3043,True,135,21.120000000000015,0,1.4730530079921547,11.11111111111111,0.4427351484050259
ppo_robust,normal,3044,True,397,45.91999999999998,0,3.1715203832819054,36.272040302267,0.4399211808394431
ppo_robust,normal,3045,True,143,21.759999999999977,0,1.511555302490682,13.986013986013987,0.4094100703283777
ppo_robust,normal,3046,True,254,25.27999999999999,0,1.8247221798114954,31.88976377952756,0.3863244926191698
ppo_robust,normal,3047,False,600,14.400000000000013,0,2.2912787657262976,0.0,11.718215672014441
ppo_robust,normal,3048,True,116,16.63999999999999,0,1.157727302524111,51.724137931034484,0.4138200023642594
ppo_robust,normal,3049,False,600,12.480000000000002,0,3.4231655360480926,0.0,11.788241142058524
random,moderate_noise,3000,False,600,28.000000000000036,123,3.947958730419276,42.333333333333336,10.277456282259745
random,moderate_noise,3001,False,600,50.39999999999999,8,12.530701569174733,68.33333333333333,17.196311247692922
random,moderate_noise,3002,False,600,39.999999999999964,46,7.717607536204919,50.5,15.47172551805695
random,moderate_noise,3003,False,600,32.48000000000001,97,9.702397445686865,43.0,10.996934907363999
random,moderate_noise,3004,False,600,45.119999999999976,10,8.188190539116144,83.16666666666667,8.962268914277837
random,moderate_noise,3005,False,600,41.92,38,9.219555994657059,65.5,11.49598022818571
random,moderate_noise,3006,False,600,39.35999999999999,30,5.81099281292144,46.833333333333336,9.879985263982686
random,moderate_noise,3007,False,600,48.479999999999976,7,12.340003900358134,67.16666666666666,16.12214968985176
random,moderate_noise,3008,False,600,39.67999999999998,55,5.930470943428634,58.833333333333336,7.324226311624301
random,moderate_noise,3009,False,600,32.16000000000002,99,4.639068952271555,47.66666666666667,17.730730003998875
random,moderate_noise,3010,False,600,40.480000000000004,60,4.569948541916264,40.166666666666664,8.376370291182846
random,moderate_noise,3011,False,600,39.519999999999996,69,2.4685115726155837,44.666666666666664,3.1112370261699716
random,moderate_noise,3012,False,600,37.92,52,7.1237160296805575,64.83333333333333,8.774422490711707
random,moderate_noise,3013,False,600,46.88000000000001,26,37.82938824135913,82.16666666666667,13.154771121833406
random,moderate_noise,3014,False,600,45.120000000000005,28,9.24786847975745,57.666666666666664,11.471337065857625
random,moderate_noise,3015,False,600,44.0,34,9.115151808729665,45.666666666666664,16.41904920436608
random,moderate_noise,3016,False,600,44.79999999999998,21,4.383165899490697,69.33333333333334,4.016860023659778
random,moderate_noise,3017,False,600,39.68000000000005,52,4.321581467131666,43.833333333333336,9.174731797019819
random,moderate_noise,3018,False,600,36.32000000000002,48,5.42857597485839,80.5,7.428620176034677
random,moderate_noise,3019,False,600,45.76000000000003,11,20.091355354928737,76.83333333333333,16.386205809294008
random,moderate_noise,3020,False,600,40.480000000000004,66,9.688019415349977,54.0,17.2176658314559
random,moderate_noise,3021,False,600,44.79999999999998,20,7.0944669718654065,64.66666666666666,10.66066980108224
random,moderate_noise,3022,False,600,39.67999999999999,48,10.811348536474986,84.16666666666667,17.18871488521431
random,moderate_noise,3023,False,600,43.04000000000003,39,10.934843403272636,46.666666666666664,17.219445218943086
random,moderate_noise,3024,False,600,31.839999999999986,103,3.6906217147977225,40.166666666666664,9.04869710029249
random,moderate_noise,3025,True,421,33.6,13,2.335364217293362,43.46793349168646,0.391569862535554
random,moderate_noise,3026,False,600,42.079999999999984,37,7.152888070814991,76.33333333333333,13.429799207023928
random,moderate_noise,3027,False,600,41.28,12,6.302122487016726,69.33333333333334,17.3635648717916
random,moderate_noise,3028,False,600,32.479999999999976,92,8.31972754466695,41.66666666666667,12.506819268784707
random,moderate_noise,3029,False,600,40.8,36,6.056651190979684,73.0,11.020674936457784
random,moderate_noise,3030,False,600,32.79999999999998,94,4.9303214857357975,40.33333333333333,9.03630997025802
random,moderate_noise,3031,False,600,34.24000000000002,118,8.554228640996485,55.50000000000001,16.98239784092619
random,moderate_noise,3032,False,600,48.0,1,5.584167813494473,62.5,9.546604597742553
random,moderate_noise,3033,False,600,43.20000000000003,50,6.873505294020836,64.83333333333333,17.602719303376496
random,moderate_noise,3034,False,600,44.64000000000002,15,10.367374290667694,56.99999999999999,14.429815516728763
random,moderate_noise,3035,False,600,44.639999999999986,24,7.702168319542992,53.833333333333336,12.752385930148094
random,moderate_noise,3036,False,600,40.00000000000001,48,5.372039861799942,46.5,7.520809469601122
random,moderate_noise,3037,False,600,43.83999999999999,11,5.532194151370264,64.33333333333333,6.24441058897726
random,moderate_noise,3038,False,600,41.59999999999998,54,15.958556986597578,69.5,16.462184476576013
random,moderate_noise,3039,False,600,38.400000000000006,47,6.6123934080354525,79.0,10.201703077478749
random,moderate_noise,3040,False,600,43.67999999999998,28,3.1370829236830824,73.83333333333333,4.054150938864581
random,moderate_noise,3041,False,600,44.16000000000002,20,9.790663102717712,67.33333333333333,11.33438366116506
random,moderate_noise,3042,False,600,40.480000000000025,28,14.321547592773411,82.66666666666667,14.21199106272298
random,moderate_noise,3043,False,600,41.76000000000002,16,14.079894867716389,45.33333333333333,11.747093157300732
random,moderate_noise,3044,False,600,41.28,45,5.933034083772474,51.5,17.506289837212826
random,moderate_noise,3045,False,600,34.08,94,4.169816111348153,40.166666666666664,10.333095617002122
random,moderate_noise,3046,False,600,47.51999999999999,17,11.227623055877043,62.83333333333333,13.115977314022103
random,moderate_noise,3047,False,600,36.31999999999999,75,8.043708237955943,48.16666666666667,12.301264713606791
random,moderate_noise,3048,False,600,38.71999999999998,51,8.334887051999402,54.0,11.958397833985757
random,moderate_noise,3049,False,600,39.519999999999996,53,5.529166793974542,81.0,7.4265283602256
moth,moderate_noise,3000,True,370,50.08000000000003,55,3.6778413956771603,61.35135135135135,0.43714892490185414
moth,moderate_noise,3001,True,220,30.400000000000034,30,2.213519898329886,64.0909090909091,0.41503667440034514
moth,moderate_noise,3002,True,437,46.87999999999999,144,3.3811142365784805,64.75972540045767,0.42493811088573635
moth,moderate_noise,3003,True,408,52.319999999999936,80,3.801254260148842,58.82352941176471,0.32057456155928454
moth,moderate_noise,3004,True,477,67.19999999999999,56,4.851997955611709,54.71698113207547,0.4369550040324296
moth,moderate_noise,3005,False,600,25.599999999999984,440,3.3700732441902206,86.0,6.542987961329128
moth,moderate_noise,3006,False,600,37.59999999999999,365,9.299261067869606,44.83333333333333,10.032686950461278
moth,moderate_noise,3007,True,339,46.24,49,3.3784892042105477,65.48672566371681,0.36579687679603795
moth,moderate_noise,3008,True,237,37.75999999999999,0,2.763025886264308,67.51054852320675,0.343520643520208
moth,moderate_noise,3009,False,600,31.68000000000002,400,3.9447283871296674,83.0,6.602508302949376
moth,moderate_noise,3010,False,600,28.640000000000008,420,3.786181364990834,81.5,6.544085237069566
moth,moderate_noise,3011,True,290,41.6,30,2.9880507890130676,57.24137931034483,0.34578418618888984
moth,moderate_noise,3012,True,255,37.120000000000026,23,2.6295667774705977,61.568627450980394,0.4379044379788559
moth,moderate_noise,3013,True,454,63.2,58,4.571949981706602,54.18502202643172,0.35590307972520613
moth,moderate_noise,3014,True,310,46.39999999999994,19,3.3815536158792288,62.58064516129033,0.3596137771094109
moth,moderate_noise,3015,True,428,48.00000000000004,128,3.498673897924308,75.70093457943925,0.3826062894994784
moth,moderate_noise,3016,True,376,40.00000000000004,125,2.923575691790333,69.68085106382979,0.3951693857547167
moth,moderate_noise,3017,True,373,44.96000000000001,92,3.3095108056536704,52.01072386058981,0.43317541241509205
moth,moderate_noise,3018,True,308,43.19999999999997,37,3.1462710264765965,68.83116883116884,0.3848637661255203
moth,moderate_noise,3019,False,600,14.400000000000011,509,3.3986915835571043,91.33333333333333,9.929742040846346
moth,moderate_noise,3020,True,500,69.76000000000006,64,5.092774542673177,42.6,0.44181115536764304
moth,moderate_noise,3021,True,397,40.64,142,2.9567535414075126,53.904282115869016,0.3801812359310279
moth,moderate_noise,3022,True,349,42.39999999999999,83,3.089613169722667,64.18338108882521,0.385411460466377
moth,moderate_noise,3023,True,159,25.28,0,1.8392999021820273,62.893081761006286,0.41376089603896843
moth,moderate_noise,3024,True,315,46.56000000000003,24,3.4052824539134203,66.34920634920634,0.3609497967485741
moth,moderate_noise,3025,False,600,24.16,448,3.214427807684126,83.0,6.594576210403337
moth,moderate_noise,3026,False,600,18.400000000000016,484,2.4310295855470168,87.5,6.59851061426421
moth,moderate_noise,3027,True,119,18.720000000000002,0,1.349797982791283,57.14285714285714,0.3679365686683872
moth,moderate_noise,3028,True,299,41.91999999999999,36,3.0499125277291323,57.859531772575245,0.3922734164328703
moth,moderate_noise,3029,True,173,27.520000000000017,0,2.0035546530186297,72.25433526011561,0.36283622777668884
moth,moderate_noise,3030,False,600,23.520000000000003,453,5.116180150535622,82.66666666666667,10.009072542658874
moth,moderate_noise,3031,True,365,50.239999999999995,50,3.6842395322188026,45.47945205479452,0.4122436828692885
moth,moderate_noise,3032,False,600,23.99999999999998,449,3.1106840711422477,88.83333333333333,6.472182732540368
moth,moderate_noise,3033,True,297,39.200000000000024,51,2.890489097891054,63.2996632996633,0.4384212180215035
moth,moderate_noise,3034,True,365,49.76,53,3.6211827746903498,56.986301369863014,0.41324601012442164
moth,moderate_noise,3035,True,175,27.99999999999996,0,2.043286147639406,64.57142857142857,0.3369830906236902
moth,moderate_noise,3036,True,160,25.44000000000002,0,1.8684118345807457,74.375,0.3927386844583631
moth,moderate_noise,3037,True,320,49.440000000000005,11,3.582661336277348,74.375,0.31814920137280217
moth,moderate_noise,3038,True,217,34.559999999999974,0,2.513571046966755,69.5852534562212,0.37226397554767093
moth,moderate_noise,3039,True,440,51.999999999999986,115,3.7668166363490214,58.86363636363636,0.4386415358389081
moth,moderate_noise,3040,True,263,39.68000000000002,15,2.927735477078487,60.45627376425855,0.44866919914856684
moth,moderate_noise,3041,False,600,45.76000000000001,313,5.950546650426972,71.33333333333334,6.475665001005063
moth,moderate_noise,3042,False,600,14.719999999999995,508,3.269536135554983,91.5,10.018602300367931
moth,moderate_noise,3043,True,265,33.28000000000003,57,2.4313576380458244,66.79245283018868,0.3534966036821417
moth,moderate_noise,3044,False,600,24.639999999999986,446,5.2579946408105025,79.5,10.027531206119722
moth,moderate_noise,3045,True,167,24.319999999999986,14,1.7838944780922643,75.44910179640718,0.3976400766178916
moth,moderate_noise,3046,True,241,23.359999999999957,95,1.7171319170220303,76.34854771784232,0.4024215796005571
moth,moderate_noise,3047,True,377,51.67999999999998,54,3.745317321362066,49.3368700265252,0.30313995581179637
moth,moderate_noise,3048,True,346,51.04000000000009,26,3.6829219908618156,61.5606936416185,0.4126409007947534
moth,moderate_noise,3049,True,269,39.52000000000002,22,2.8858375623149866,65.4275092936803,0.4158486089748706
ppo_normal,moderate_noise,3000,True,187,18.4,0,1.2890081512918738,70.58823529411765,0.32389867963558616
ppo_normal,moderate_noise,3001,True,235,31.519999999999996,0,2.1858781628312505,86.38297872340426,0.4038597065151038
ppo_normal,moderate_noise,3002,False,600,20.640000000000004,0,1.3755768051847994,37.666666666666664,2.3919399907903456
ppo_normal,moderate_noise,3003,False,600,58.71999999999998,0,4.604904611877276,63.66666666666667,1.6911485444136196
ppo_normal,moderate_noise,3004,True,470,27.68,0,1.919054122588283,45.744680851063826,0.38041154223898854
ppo_normal,moderate_noise,3005,True,113,15.520000000000008,0,1.1130193468849192,64.60176991150442,0.4045955040481945
ppo_normal,moderate_noise,3006,True,117,16.0,0,1.1640856468047829,63.24786324786324,0.31713515973917494
ppo_normal,moderate_noise,3007,True,122,16.000000000000007,0,1.119276670677159,68.85245901639344,0.4139823249718443
ppo_normal,moderate_noise,3008,True,200,27.19999999999997,0,1.8851645828857542,82.5,0.4391276132102923
ppo_normal,moderate_noise,3009,True,130,17.12000000000001,0,1.1911238663648438,69.23076923076923,0.357946554419421
ppo_normal,moderate_noise,3010,True,312,21.919999999999995,0,1.5228622653631003,39.743589743589745,0.4116448718904554
ppo_normal,moderate_noise,3011,True,127,16.000000000000007,0,1.1385167237344083,70.07874015748031,0.36272409404976513
ppo_normal,moderate_noise,3012,True,201,27.199999999999996,0,1.8839775202572844,82.08955223880598,0.41392240243982137
ppo_normal,moderate_noise,3013,True,123,16.159999999999982,0,1.1688867799023932,67.47967479674797,0.3426314161426496
ppo_normal,moderate_noise,3014,True,514,42.56,0,3.0501184893509987,56.6147859922179,0.3713042970999097
ppo_normal,moderate_noise,3015,True,129,17.120000000000005,0,1.1835128985400176,65.89147286821705,0.42801110043544466
ppo_normal,moderate_noise,3016,True,564,26.71999999999999,0,1.8868801175568164,43.08510638297872,0.44591901340837503
ppo_normal,moderate_noise,3017,True,124,16.160000000000007,0,1.118208860028231,75.0,0.441347626009177
ppo_normal,moderate_noise,3018,True,334,22.080000000000013,0,1.5327028274536612,44.91017964071856,0.3959059489722657
ppo_normal,moderate_noise,3019,True,126,16.639999999999983,0,1.1587338055947627,73.01587301587301,0.4351377286888087
ppo_normal,moderate_noise,3020,True,496,38.24000000000001,0,2.6436820583474283,58.266129032258064,0.4438624920196423
ppo_normal,moderate_noise,3021,True,386,23.2,0,1.6366642403732925,38.082901554404145,0.4288851470806403
ppo_normal,moderate_noise,3022,True,474,22.87999999999999,0,1.6057362627912526,40.29535864978903,0.35733426452449385
ppo_normal,moderate_noise,3023,True,235,31.199999999999996,0,2.1495144835269997,82.97872340425532,0.4477644150251195
ppo_normal,moderate_noise,3024,True,476,25.6,0,1.7901006693192538,38.865546218487395,0.38269335760775935
ppo_normal,moderate_noise,3025,True,383,22.559999999999995,0,1.560484109384078,41.77545691906005,0.44750750268151
ppo_normal,moderate_noise,3026,True,472,23.680000000000007,0,1.707176737663968,45.76271186440678,0.37195554079966037
ppo_normal,moderate_noise,3027,True,123,16.320000000000007,0,1.1385624709759414,65.04065040650406,0.41509051722847456
ppo_normal,moderate_noise,3028,False,600,25.439999999999987,0,1.5994267094926256,41.0,3.2867256916405756
ppo_normal,moderate_noise,3029,True,123,16.640000000000022,0,1.1676918666159848,70.73170731707317,0.4405685679440094
ppo_normal,moderate_noise,3030,True,133,16.320000000000007,0,1.1348379238010409,75.18796992481202,0.3484723425979815
ppo_normal,moderate_noise,3031,True,292,38.72,0,2.6959984765018628,85.61643835616438,0.38485342485171575
ppo_normal,moderate_noise,3032,True,242,23.199999999999996,0,1.6081417472084392,64.87603305785123,0.4292525248461535
ppo_normal,moderate_noise,3033,True,126,16.000000000000007,0,1.1502828065162878,70.63492063492063,0.4192647764321479
ppo_normal,moderate_noise,3034,False,600,21.27999999999999,0,1.3966290149701917,35.5,2.634025299380171
ppo_normal,moderate_noise,3035,True,401,54.72,0,3.795840948211679,91.52119700748129,0.44232573518360613
ppo_normal,moderate_noise,3036,True,110,14.72000000000001,0,1.0772202654552687,70.0,0.34983293082314904
ppo_normal,moderate_noise,3037,True,108,15.040000000000006,0,1.0962716993237616,66.66666666666666,0.4114002474181247
ppo_normal,moderate_noise,3038,True,136,16.479999999999997,0,1.1500387579913816,71.32352941176471,0.37516273333465344
ppo_normal,moderate_noise,3039,True,215,19.35999999999998,0,1.3691483409720586,63.25581395348837,0.39235183452967
ppo_normal,moderate_noise,3040,True,118,16.0,0,1.1163086035241239,71.1864406779661,0.44329749542225494
ppo_normal,moderate_noise,3041,True,114,15.36,0,1.126475507410568,68.42105263157895,0.4039383131224993
ppo_normal,moderate_noise,3042,True,579,44.64,0,3.204422198522328,58.03108808290155,0.4219864566689359
ppo_normal,moderate_noise,3043,True,573,23.840000000000003,0,1.6875243498198087,40.83769633507853,0.37670832611422644
ppo_normal,moderate_noise,3044,True,161,18.39999999999999,0,1.2753086400307245,72.67080745341616,0.39312288478805263
ppo_normal,moderate_noise,3045,True,116,15.680000000000001,0,1.0891977201010559,75.86206896551724,0.4434851148604045
ppo_normal,moderate_noise,3046,True,113,15.359999999999992,0,1.1001946265218734,73.45132743362832,0.343597999574139
ppo_normal,moderate_noise,3047,True,378,22.24,0,1.5791275290975635,43.91534391534391,0.42082112183008047
ppo_normal,moderate_noise,3048,True,116,15.84,0,1.096309097942169,71.55172413793103,0.4454181749270628
ppo_normal,moderate_noise,3049,True,127,16.80000000000001,0,1.1605745498646187,71.65354330708661,0.40343924835503947
ppo_robust,moderate_noise,3000,True,241,25.120000000000005,0,1.7619160097066042,70.95435684647303,0.355406552747813
ppo_robust,moderate_noise,3001,True,177,22.400000000000013,0,1.555023146763327,70.05649717514125,0.4376245338298864
ppo_robust,moderate_noise,3002,True,259,21.11999999999999,0,1.4700271251057582,39.38223938223938,0.42087904053230674
ppo_robust,moderate_noise,3003,True,363,37.120000000000026,0,2.6355915010703166,82.36914600550963,0.44712430111974527
ppo_robust,moderate_noise,3004,True,174,21.440000000000012,0,1.4973440792882224,71.83908045977012,0.42032732510631055
ppo_robust,moderate_noise,3005,True,270,21.599999999999987,0,1.4968831816333015,77.4074074074074,0.44593685454305615
ppo_robust,moderate_noise,3006,True,377,27.83999999999999,0,2.025554206699828,82.75862068965517,0.3501881223958493
ppo_robust,moderate_noise,3007,True,197,24.799999999999983,0,1.790753890874822,77.15736040609137,0.38490606684640716
ppo_robust,moderate_noise,3008,False,600,50.87999999999998,0,4.779717545452024,88.83333333333333,3.520545451162745
ppo_robust,moderate_noise,3009,True,362,33.75999999999998,0,2.3225985929680535,73.75690607734806,0.43186654515541184
ppo_robust,moderate_noise,3010,True,427,28.80000000000001,0,2.0798135496056034,81.49882903981265,0.3578191013586625
ppo_robust,moderate_noise,3011,True,336,26.39999999999999,0,1.8958013728103682,77.38095238095238,0.41820870902669344
ppo_robust,moderate_noise,3012,True,324,32.96,0,2.356258703840941,82.09876543209876,0.41994411041366325
ppo_robust,moderate_noise,3013,True,257,27.36000000000001,0,1.883192415319403,77.431906614786,0.4082979421593629
ppo_robust,moderate_noise,3014,True,438,37.44000000000001,0,2.6320313472893893,75.57077625570776,0.42343746889583067
ppo_robust,moderate_noise,3015,True,337,33.440000000000005,0,2.321525087312943,64.09495548961425,0.4436886376586714
ppo_robust,moderate_noise,3016,False,600,46.88000000000002,0,3.378677508718047,80.66666666666666,1.1584956233332058
ppo_robust,moderate_noise,3017,True,331,31.20000000000001,0,2.159477757944771,74.32024169184291,0.4412742331156416
ppo_robust,moderate_noise,3018,True,317,28.480000000000015,0,1.9667138127013153,82.96529968454259,0.3660530445018872
ppo_robust,moderate_noise,3019,True,381,37.119999999999976,0,2.553599416016781,64.56692913385827,0.44262398110038514
ppo_robust,moderate_noise,3020,True,180,22.560000000000006,0,1.555611922645726,36.11111111111111,0.36377017202547224
ppo_robust,moderate_noise,3021,True,276,28.31999999999998,0,1.9558216758414095,70.65217391304348,0.39469991500245916
ppo_robust,moderate_noise,3022,True,289,26.720000000000006,0,1.9197776850802226,74.74048442906575,0.38603269156556586
ppo_robust,moderate_noise,3023,True,394,37.11999999999999,0,2.5596943117321618,76.14213197969542,0.42675738511686695
ppo_robust,moderate_noise,3024,True,163,20.64,0,1.4341778589540144,39.87730061349693,0.38981987844656485
ppo_robust,moderate_noise,3025,True,524,31.680000000000014,0,2.3001987504881103,81.48854961832062,0.3344203603260921
ppo_robust,moderate_noise,3026,True,315,29.759999999999977,0,2.1202979464356813,79.68253968253968,0.3905567398041021
ppo_robust,moderate_noise,3027,True,219,23.840000000000003,0,1.728315659373814,42.00913242009132,0.4459417422310183
ppo_robust,moderate_noise,3028,True,407,33.60000000000002,0,2.4324597605056013,81.57248157248156,0.3169215907248359
ppo_robust,moderate_noise,3029,True,191,22.88000000000001,0,1.5848336720461802,69.10994764397905,0.4034123176844766
ppo_robust,moderate_noise,3030,True,470,38.24000000000002,0,2.659372702536474,66.17021276595744,0.36012253093271546
ppo_robust,moderate_noise,3031,True,182,21.920000000000016,0,1.5270131353348688,41.208791208791204,0.35080706643331555
ppo_robust,moderate_noise,3032,True,470,42.72000000000001,0,2.987193095950077,77.02127659574468,0.31292913226906416
ppo_robust,moderate_noise,3033,True,471,43.20000000000001,0,3.1563560349126405,71.97452229299363,0.31508219072796206
ppo_robust,moderate_noise,3034,True,194,21.28,0,1.481497433345978,37.628865979381445,0.3614777630449719
ppo_robust,moderate_noise,3035,True,246,24.959999999999987,0,1.7293903085719657,79.67479674796748,0.43635528985135963
ppo_robust,moderate_noise,3036,True,266,29.120000000000005,0,2.0209072653795634,79.69924812030075,0.4470472451186674
ppo_robust,moderate_noise,3037,True,334,27.040000000000003,0,1.9640719608011274,83.53293413173652,0.414405657854848
ppo_robust,moderate_noise,3038,True,284,27.999999999999986,0,1.9374943764691515,75.0,0.3730978001356131
ppo_robust,moderate_noise,3039,True,284,26.880000000000003,0,1.8486658533937763,83.09859154929578,0.4392205693300976
ppo_robust,moderate_noise,3040,True,368,27.359999999999992,0,1.8973085941688648,80.43478260869566,0.4273107347481301
ppo_robust,moderate_noise,3041,True,223,22.240000000000006,0,1.621182083505991,61.88340807174888,0.31304406442012067
ppo_robust,moderate_noise,3042,True,440,20.479999999999983,0,1.4227288352228225,87.72727272727273,0.359453904344721
ppo_robust,moderate_noise,3043,True,304,31.359999999999996,0,2.251325317690911,83.22368421052632,0.4236859754005137
ppo_robust,moderate_noise,3044,True,584,48.63999999999997,0,3.401759334459426,76.54109589041096,0.4166571191459223
ppo_robust,moderate_noise,3045,True,254,25.12,0,1.7477898578154367,74.01574803149606,0.44687940140204885
ppo_robust,moderate_noise,3046,True,385,28.959999999999994,0,2.124207763379746,82.85714285714286,0.4012263420431009
ppo_robust,moderate_noise,3047,True,369,26.559999999999985,0,1.8394937204706272,74.79674796747967,0.3738096105968669
ppo_robust,moderate_noise,3048,True,306,28.16,0,1.9487113364657698,69.6078431372549,0.44750459277106397
ppo_robust,moderate_noise,3049,True,521,32.00000000000002,0,2.33550096054314,85.22072936660268,0.40889386946946876
random,sensor_dropout,3000,False,600,28.000000000000036,123,3.947958730419276,4.833333333333333,10.277456282259745
random,sensor_dropout,3001,False,600,50.39999999999999,8,12.530701569174733,43.5,17.196311247692922
random,sensor_dropout,3002,False,600,39.999999999999964,46,7.717607536204919,21.0,15.47172551805695
random,sensor_dropout,3003,False,600,32.48000000000001,97,9.702397445686865,11.0,10.996934907363999
random,sensor_dropout,3004,False,600,45.119999999999976,10,8.188190539116144,67.83333333333333,8.962268914277837
random,sensor_dropout,3005,False,600,41.92,38,9.219555994657059,42.16666666666667,11.49598022818571
random,sensor_dropout,3006,False,600,39.35999999999999,30,5.81099281292144,15.5,9.879985263982686
random,sensor_dropout,3007,False,600,48.479999999999976,7,12.340003900358134,39.666666666666664,16.12214968985176
random,sensor_dropout,3008,False,600,39.67999999999998,55,5.930470943428634,31.666666666666664,7.324226311624301
random,sensor_dropout,3009,False,600,32.16000000000002,99,4.639068952271555,11.166666666666666,17.730730003998875
random,sensor_dropout,3010,False,600,40.480000000000004,60,4.569948541916264,4.166666666666666,8.376370291182846
random,sensor_dropout,3011,False,600,39.519999999999996,69,2.4685115726155837,14.666666666666666,3.1112370261699716
random,sensor_dropout,3012,False,600,37.92,52,7.1237160296805575,40.666666666666664,8.774422490711707
random,sensor_dropout,3013,False,600,46.88000000000001,26,37.82938824135913,65.5,13.154771121833406
random,sensor_dropout,3014,False,600,45.120000000000005,28,9.24786847975745,31.0,11.471337065857625
random,sensor_dropout,3015,False,600,44.0,34,9.115151808729665,17.166666666666668,16.41904920436608
random,sensor_dropout,3016,False,600,44.79999999999998,21,4.383165899490697,45.5,4.016860023659778
random,sensor_dropout,3017,False,600,39.68000000000005,52,4.321581467131666,10.333333333333334,9.174731797019819
random,sensor_dropout,3018,False,600,36.32000000000002,48,5.42857597485839,62.16666666666667,7.428620176034677
random,sensor_dropout,3019,False,600,45.76000000000003,11,20.091355354928737,55.166666666666664,16.386205809294008
random,sensor_dropout,3020,False,600,40.480000000000004,66,9.688019415349977,31.833333333333336,17.2176658314559
random,sensor_dropout,3021,False,600,44.79999999999998,20,7.0944669718654065,44.333333333333336,10.66066980108224
random,sensor_dropout,3022,False,600,39.67999999999999,48,10.811348536474986,69.33333333333334,17.18871488521431
random,sensor_dropout,3023,False,600,43.04000000000003,39,10.934843403272636,13.5,17.219445218943086
random,sensor_dropout,3024,False,600,31.839999999999986,103,3.6906217147977225,5.666666666666666,9.04869710029249
random,sensor_dropout,3025,True,421,33.6,13,2.335364217293362,7.363420427553444,0.391569862535554
random,sensor_dropout,3026,False,600,42.079999999999984,37,7.152888070814991,57.49999999999999,13.429799207023928
random,sensor_dropout,3027,False,600,41.28,12,6.302122487016726,49.833333333333336,17.3635648717916
random,sensor_dropout,3028,False,600,32.479999999999976,92,8.31972754466695,4.5,12.506819268784707
random,sensor_dropout,3029,False,600,40.8,36,6.056651190979684,53.833333333333336,11.020674936457784
random,sensor_dropout,3030,False,600,32.79999999999998,94,4.9303214857357975,8.333333333333332,9.03630997025802
random,sensor_dropout,3031,False,600,34.24000000000002,118,8.554228640996485,29.333333333333332,16.98239784092619
random,sensor_dropout,3032,False,600,48.0,1,5.584167813494473,35.0,9.546604597742553
random,sensor_dropout,3033,False,600,43.20000000000003,50,6.873505294020836,41.333333333333336,17.602719303376496
random,sensor_dropout,3034,False,600,44.64000000000002,15,10.367374290667694,28.833333333333332,14.429815516728763
random,sensor_dropout,3035,False,600,44.639999999999986,24,7.702168319542992,26.166666666666664,12.752385930148094
random,sensor_dropout,3036,False,600,40.00000000000001,48,5.372039861799942,18.666666666666668,7.520809469601122
random,sensor_dropout,3037,False,600,43.83999999999999,11,5.532194151370264,35.833333333333336,6.24441058897726
random,sensor_dropout,3038,False,600,41.59999999999998,54,15.958556986597578,49.166666666666664,16.462184476576013
random,sensor_dropout,3039,False,600,38.400000000000006,47,6.6123934080354525,61.33333333333333,10.201703077478749
random,sensor_dropout,3040,False,600,43.67999999999998,28,3.1370829236830824,52.5,4.054150938864581
random,sensor_dropout,3041,False,600,44.16000000000002,20,9.790663102717712,44.333333333333336,11.33438366116506
random,sensor_dropout,3042,False,600,40.480000000000025,28,14.321547592773411,66.33333333333333,14.21199106272298
random,sensor_dropout,3043,False,600,41.76000000000002,16,14.079894867716389,12.833333333333332,11.747093157300732
random,sensor_dropout,3044,False,600,41.28,45,5.933034083772474,20.166666666666664,17.506289837212826
random,sensor_dropout,3045,False,600,34.08,94,4.169816111348153,0.0,10.333095617002122
random,sensor_dropout,3046,False,600,47.51999999999999,17,11.227623055877043,36.833333333333336,13.115977314022103
random,sensor_dropout,3047,False,600,36.31999999999999,75,8.043708237955943,12.666666666666668,12.301264713606791
random,sensor_dropout,3048,False,600,38.71999999999998,51,8.334887051999402,27.0,11.958397833985757
random,sensor_dropout,3049,False,600,39.519999999999996,53,5.529166793974542,63.5,7.4265283602256
moth,sensor_dropout,3000,True,365,39.19999999999996,99,2.7953029847412227,63.83561643835617,0.33217336145859894
moth,sensor_dropout,3001,True,259,38.080000000000005,0,2.7808211940452137,49.034749034749034,0.41621401100820776
moth,sensor_dropout,3002,True,256,37.599999999999994,0,2.7500446574515074,47.65625,0.34196739724893954
moth,sensor_dropout,3003,True,211,30.400000000000034,0,2.216284650260518,39.33649289099526,0.3907176447437881
moth,sensor_dropout,3004,False,600,80.79999999999987,25,7.34127160091829,21.666666666666668,6.09233378976571
moth,sensor_dropout,3005,True,249,36.480000000000004,0,2.6823332821094232,48.59437751004016,0.41092893423364757
moth,sensor_dropout,3006,True,212,30.56000000000002,0,2.1846175137578765,39.62264150943396,0.4262203168614172
moth,sensor_dropout,3007,False,600,76.95999999999995,32,14.470337832026974,4.5,11.548700116435702
moth,sensor_dropout,3008,True,280,41.44,0,2.9951288602900217,53.92857142857142,0.42440870536594544
moth,sensor_dropout,3009,True,319,47.519999999999996,0,3.4701069766752894,55.79937304075236,0.44310837599918834
moth,sensor_dropout,3010,False,600,23.839999999999993,430,3.135414054205105,73.16666666666667,6.478504011276102
moth,sensor_dropout,3011,True,389,47.67999999999997,60,3.459354558442482,38.81748071979435,0.40104528230127756
moth,sensor_dropout,3012,True,357,38.39999999999999,91,2.738516706932698,41.45658263305322,0.4338083248184031
moth,sensor_dropout,3013,False,600,32.96000000000004,373,2.618219913220864,73.83333333333333,1.8732291417319846
moth,sensor_dropout,3014,True,408,61.92000000000002,0,4.4279072594199915,64.2156862745098,0.36966117024381473
moth,sensor_dropout,3015,True,211,30.39999999999999,0,2.205441134802253,40.28436018957346,0.4337218443816647
moth,sensor_dropout,3016,True,261,37.60000000000002,0,2.7415248246682795,39.46360153256705,0.30816352312134115
moth,sensor_dropout,3017,True,220,31.839999999999996,0,2.2242302275551755,40.909090909090914,0.4464623078758797
moth,sensor_dropout,3018,True,214,30.879999999999978,0,2.209389165399672,38.31775700934579,0.4401105478471816
moth,sensor_dropout,3019,False,600,79.99999999999996,32,5.4674146079910155,22.5,3.3476129767759297
moth,sensor_dropout,3020,True,280,41.12000000000003,2,2.9393614941552606,49.28571428571429,0.4221296652189775
moth,sensor_dropout,3021,True,219,31.679999999999975,0,2.269889327644219,39.726027397260275,0.43556333530249636
moth,sensor_dropout,3022,True,317,38.079999999999984,58,2.750591150780816,57.72870662460568,0.3227477504318204
moth,sensor_dropout,3023,True,211,30.40000000000001,0,2.2142900762420195,37.44075829383886,0.37851255400611855
moth,sensor_dropout,3024,False,600,48.31999999999995,274,3.082252720453191,64.33333333333333,5.198059787256176
moth,sensor_dropout,3025,True,320,46.719999999999985,0,3.388291686937891,46.875,0.3912889088796311
moth,sensor_dropout,3026,True,278,40.15999999999997,0,2.8172958256784755,39.568345323741006,0.3904331658941294
moth,sensor_dropout,3027,True,314,42.879999999999946,25,3.133513890953976,57.00636942675159,0.4042905355623395
moth,sensor_dropout,3028,True,320,44.800000000000026,12,3.250289990004027,44.0625,0.40997669577481227
moth,sensor_dropout,3029,True,302,44.95999999999999,0,3.2384130921116654,54.3046357615894,0.44579024025450176
moth,sensor_dropout,3030,True,356,52.63999999999996,0,3.828557588108381,49.71910112359551,0.4254256974320925
moth,sensor_dropout,3031,False,600,74.87999999999997,61,4.610051089789477,21.333333333333336,3.4330325338510117
moth,sensor_dropout,3032,False,600,77.91999999999999,47,5.394658390003533,25.0,3.938338591065987
moth,sensor_dropout,3033,True,253,37.119999999999976,0,2.7008251614445915,46.24505928853755,0.3219214823563819
moth,sensor_dropout,3034,True,442,38.55999999999999,180,2.802739765086623,68.77828054298642,0.38690793621374747
moth,sensor_dropout,3035,True,296,43.99999999999999,0,3.1888676131984695,56.41891891891891,0.3779258420316655
moth,sensor_dropout,3036,True,537,37.12000000000003,284,2.678448468615721,70.01862197392924,0.3690480059053516
moth,sensor_dropout,3037,True,236,30.879999999999992,22,2.2538680353973044,44.91525423728814,0.4074014363132206
moth,sensor_dropout,3038,True,368,40.95999999999997,84,2.936820471235557,51.08695652173913,0.39310370361960917
moth,sensor_dropout,3039,True,282,41.759999999999984,0,3.0485997899985846,52.4822695035461,0.42795238434732985
moth,sensor_dropout,3040,True,304,45.27999999999996,0,3.245157627592572,55.5921052631579,0.4142164906558786
moth,sensor_dropout,3041,True,270,30.40000000000007,59,2.213061161633365,52.59259259259259,0.33600076154969366
moth,sensor_dropout,3042,True,302,44.96000000000005,0,3.293470383283275,54.966887417218544,0.39718458684811836
moth,sensor_dropout,3043,True,222,32.15999999999995,0,2.2933233534030943,40.99099099099099,0.3896782729155806
moth,sensor_dropout,3044,True,260,38.239999999999995,0,2.758805158419069,50.38461538461539,0.3614584648731897
moth,sensor_dropout,3045,True,356,36.480000000000004,108,2.5718753404433197,60.95505617977528,0.395574937412506
moth,sensor_dropout,3046,True,391,58.399999999999984,5,4.214523782112469,64.9616368286445,0.44117083350118275
moth,sensor_dropout,3047,False,600,72.64,95,4.973053631249282,38.166666666666664,5.130826836759112
moth,sensor_dropout,3048,True,238,34.720000000000034,0,2.542123560010647,46.63865546218487,0.4086340928596721
moth,sensor_dropout,3049,True,254,37.27999999999999,0,2.702232583066244,46.45669291338583,0.3142914751998597
ppo_normal,sensor_dropout,3000,True,202,25.11999999999999,0,1.8440084603963822,70.29702970297029,0.4494151155685768
ppo_normal,sensor_dropout,3001,True,139,18.08,0,1.3160133144532402,56.83453237410072,0.43541990795288155
ppo_normal,sensor_dropout,3002,True,168,21.439999999999994,0,1.558449591384839,68.45238095238095,0.35852689541158167
ppo_normal,sensor_dropout,3003,True,158,18.56000000000001,0,1.3004669091493983,62.0253164556962,0.36132132373346776
ppo_normal,sensor_dropout,3004,True,151,16.800000000000004,0,1.1728535024320752,58.94039735099338,0.3849954642122866
ppo_normal,sensor_dropout,3005,True,127,16.479999999999997,0,1.1548588480895847,56.69291338582677,0.30513260781444507
ppo_normal,sensor_dropout,3006,True,188,22.72,0,1.6270459553985288,65.42553191489363,0.4009046497955192
ppo_normal,sensor_dropout,3007,True,117,15.68,0,1.1273868609726172,53.84615384615385,0.32301070710288393
ppo_normal,sensor_dropout,3008,True,173,21.919999999999995,0,1.5252809418402458,69.94219653179191,0.36398689872895124
ppo_normal,sensor_dropout,3009,True,211,25.12000000000002,0,1.8281335558337934,65.40284360189574,0.4412694546261391
ppo_normal,sensor_dropout,3010,True,259,26.080000000000005,0,1.8414226192914425,71.04247104247105,0.29707520940482984
ppo_normal,sensor_dropout,3011,True,153,17.759999999999998,0,1.2918854796142878,62.745098039215684,0.3674136790235861
ppo_normal,sensor_dropout,3012,True,150,19.039999999999992,0,1.320156403045672,57.333333333333336,0.4475360021851865
ppo_normal,sensor_dropout,3013,True,144,19.359999999999992,0,1.3309888042080573,57.638888888888886,0.4412083200980933
ppo_normal,sensor_dropout,3014,True,129,14.880000000000013,0,1.089768609150738,53.48837209302325,0.42777397009357937
ppo_normal,sensor_dropout,3015,True,172,21.92,0,1.5187220796989598,59.30232558139535,0.3491389769400064
ppo_normal,sensor_dropout,3016,True,128,16.32,0,1.1552183951205413,55.46875,0.352247965501729
ppo_normal,sensor_dropout,3017,True,130,16.80000000000002,0,1.229630293902516,60.0,0.41187404460844074
ppo_normal,sensor_dropout,3018,True,171,18.080000000000027,0,1.2505123493967432,59.06432748538012,0.3616526273641216
ppo_normal,sensor_dropout,3019,True,207,23.199999999999985,0,1.6006340636621987,58.454106280193244,0.4404746378085248
ppo_normal,sensor_dropout,3020,True,180,21.760000000000005,0,1.5194830981858152,62.22222222222222,0.41562296652437725
ppo_normal,sensor_dropout,3021,False,600,26.07999999999997,0,1.6334582851928205,22.833333333333332,4.074811803740504
ppo_normal,sensor_dropout,3022,True,122,15.360000000000012,0,1.0858121631326008,50.81967213114754,0.4421577481355526
ppo_normal,sensor_dropout,3023,True,171,20.799999999999997,0,1.4379062252117552,60.81871345029239,0.3744084728753258
ppo_normal,sensor_dropout,3024,True,126,16.640000000000004,0,1.1601208183806653,55.55555555555556,0.42637335451767727
ppo_normal,sensor_dropout,3025,True,184,19.999999999999986,0,1.4012921099296818,61.95652173913043,0.35128964460535966
ppo_normal,sensor_dropout,3026,True,297,30.239999999999995,0,2.2124651255347674,72.05387205387206,0.44613472095605733
ppo_normal,sensor_dropout,3027,True,197,22.240000000000013,0,1.5383401789471747,69.03553299492386,0.4473240446287263
ppo_normal,sensor_dropout,3028,True,140,16.00000000000003,0,1.1543295726081428,54.285714285714285,0.31883727034387005
ppo_normal,sensor_dropout,3029,True,190,22.720000000000017,0,1.6037818138574123,67.36842105263158,0.3085102004408174
ppo_normal,sensor_dropout,3030,True,226,25.919999999999998,0,1.8681950233803697,71.68141592920354,0.39810398655999857
ppo_normal,sensor_dropout,3031,True,123,16.159999999999997,0,1.1248155431391524,55.28455284552846,0.36241906042161454
ppo_normal,sensor_dropout,3032,True,169,20.480000000000004,0,1.4235802770889534,62.1301775147929,0.4203869703584919
ppo_normal,sensor_dropout,3033,True,226,27.679999999999993,0,1.9216633387103064,73.00884955752213,0.4050424008976063
ppo_normal,sensor_dropout,3034,True,150,18.240000000000002,0,1.2875512824694015,62.0,0.4199152852224012
ppo_normal,sensor_dropout,3035,True,106,14.719999999999995,0,1.0713418991263601,46.22641509433962,0.3833766598043644
ppo_normal,sensor_dropout,3036,True,107,14.559999999999999,0,1.0712024213148592,49.532710280373834,0.41693087245691646
ppo_normal,sensor_dropout,3037,True,149,19.68000000000001,0,1.396243478982647,55.70469798657718,0.4036440867925068
ppo_normal,sensor_dropout,3038,True,144,16.47999999999999,0,1.142110778027084,56.25,0.3711185096333798
ppo_normal,sensor_dropout,3039,True,206,23.680000000000014,0,1.6347241945742654,66.50485436893204,0.3753460900938116
ppo_normal,sensor_dropout,3040,True,174,22.239999999999995,0,1.5866267030797518,67.81609195402298,0.3503773946739796
ppo_normal,sensor_dropout,3041,True,245,28.479999999999983,0,2.0205100669820104,74.28571428571429,0.4477611951540023
ppo_normal,sensor_dropout,3042,True,147,18.239999999999995,0,1.3295923581852336,63.94557823129252,0.42299084866979986
ppo_normal,sensor_dropout,3043,True,175,18.400000000000006,0,1.3103254826559465,64.57142857142857,0.3841627519520168
ppo_normal,sensor_dropout,3044,True,116,14.879999999999999,0,1.0616336225376755,50.86206896551724,0.43707516058524654
ppo_normal,sensor_dropout,3045,True,189,23.36,0,1.6235490299921247,66.13756613756614,0.3884591531478286
ppo_normal,sensor_dropout,3046,True,282,32.64,0,2.3461252486598267,78.36879432624113,0.3314927616329504
ppo_normal,sensor_dropout,3047,True,190,21.119999999999987,0,1.5345677612877453,64.21052631578948,0.331542695139717
ppo_normal,sensor_dropout,3048,True,173,20.479999999999997,0,1.4589660091243732,65.3179190751445,0.3647315129033711
ppo_normal,sensor_dropout,3049,True,128,16.480000000000015,0,1.160820306721349,53.90625,0.32794401715538635
ppo_robust,sensor_dropout,3000,False,600,62.56000000000002,0,7.469227888877941,49.5,5.685997505480209
ppo_robust,sensor_dropout,3001,False,600,23.360000000000003,0,5.29181504044409,0.0,11.364661315508123
ppo_robust,sensor_dropout,3002,True,152,21.919999999999987,0,1.5336447315437178,17.763157894736842,0.37626924595065436
ppo_robust,sensor_dropout,3003,True,168,21.920000000000016,0,1.5902247751839589,60.71428571428571,0.3390512000287363
ppo_robust,sensor_dropout,3004,True,133,17.759999999999994,0,1.2242185070431189,60.150375939849624,0.44913089255775057
ppo_robust,sensor_dropout,3005,True,360,36.96000000000002,0,2.578446384456629,30.833333333333336,0.3998959387284927
ppo_robust,sensor_dropout,3006,False,600,16.959999999999994,0,3.677037260518136,0.0,11.326644265585463
ppo_robust,sensor_dropout,3007,True,448,48.639999999999986,0,3.5275774089820904,62.94642857142857,0.38312186070675397
ppo_robust,sensor_dropout,3008,True,131,18.24000000000001,0,1.3310920419194703,57.25190839694656,0.3195338457831415
ppo_robust,sensor_dropout,3009,False,600,14.400000000000015,0,3.3364177341948484,0.0,11.218958679799595
ppo_robust,sensor_dropout,3010,True,160,20.160000000000004,0,1.4795143996091287,64.375,0.44995242877403296
ppo_robust,sensor_dropout,3011,True,107,15.679999999999996,0,1.1367639975380321,49.532710280373834,0.3046209896146085
ppo_robust,sensor_dropout,3012,False,600,13.759999999999984,0,3.5093909556392795,0.0,11.549296107852873
ppo_robust,sensor_dropout,3013,False,600,13.600000000000009,0,3.3060915868797562,0.0,11.432090963732813
ppo_robust,sensor_dropout,3014,True,155,19.84,0,1.4432071191212767,59.354838709677416,0.3213143913125939
ppo_robust,sensor_dropout,3015,False,600,22.55999999999999,0,6.161559966728632,0.0,11.798456562988262
ppo_robust,sensor_dropout,3016,True,311,34.72,0,2.529459775469039,48.87459807073955,0.4366441551213816
ppo_robust,sensor_dropout,3017,True,170,24.000000000000014,0,1.6785789952085728,24.705882352941178,0.34957954458421864
ppo_robust,sensor_dropout,3018,True,148,22.079999999999995,0,1.5808290688421271,15.54054054054054,0.36044500947598884
ppo_robust,sensor_dropout,3019,False,600,4.159999999999998,0,1.1064762054736768,0.0,11.387304318349345
ppo_robust,sensor_dropout,3020,False,600,14.559999999999993,0,3.539594263524221,0.0,11.326551468771987
ppo_robust,sensor_dropout,3021,True,115,16.639999999999993,0,1.1441231980834683,56.52173913043478,0.4239781055377989
ppo_robust,sensor_dropout,3022,True,148,22.239999999999995,0,1.6218206609399268,20.27027027027027,0.36993452666919346
ppo_robust,sensor_dropout,3023,False,600,14.400000000000006,0,3.283074032765263,0.0,11.310625883837863
ppo_robust,sensor_dropout,3024,True,143,18.559999999999988,0,1.2959197598680217,60.13986013986013,0.3760009126322532
ppo_robust,sensor_dropout,3025,True,200,23.839999999999993,0,1.6423453808193096,42.0,0.4323904058529225
ppo_robust,sensor_dropout,3026,True,522,39.19999999999998,0,2.8117522816766605,29.50191570881226,0.43814371258632934
ppo_robust,sensor_dropout,3027,True,402,41.120000000000005,0,3.027744130746446,35.32338308457712,0.43152314489002086
ppo_robust,sensor_dropout,3028,True,186,23.20000000000003,0,1.605426679558643,42.473118279569896,0.34658376469638097
ppo_robust,sensor_dropout,3029,False,600,5.920000000000012,0,1.367732535695185,0.0,11.35989019497905
ppo_robust,sensor_dropout,3030,True,145,18.72,0,1.314586220476277,60.0,0.34565862529744557
ppo_robust,sensor_dropout,3031,True,115,16.160000000000007,0,1.1432446164799508,52.17391304347826,0.4015299172561238
ppo_robust,sensor_dropout,3032,True,151,19.20000000000001,0,1.3555902730335883,56.95364238410596,0.34776687291318853
ppo_robust,sensor_dropout,3033,True,169,20.799999999999997,0,1.4467699736836654,65.68047337278107,0.4400290769203392
ppo_robust,sensor_dropout,3034,True,145,18.880000000000006,0,1.3163473622043305,60.689655172413794,0.36791274259833795
ppo_robust,sensor_dropout,3035,True,111,15.999999999999996,0,1.1779917708747525,46.846846846846844,0.4257035965458758
ppo_robust,sensor_dropout,3036,True,350,36.8,0,2.7005758815804644,35.42857142857142,0.38321307600392257
ppo_robust,sensor_dropout,3037,False,600,5.759999999999999,0,1.3401758747751913,0.0,11.290909510986976
ppo_robust,sensor_dropout,3038,True,137,21.28000000000001,0,1.5099656843515752,9.48905109489051,0.43729719625567526
ppo_robust,sensor_dropout,3039,False,600,15.040000000000031,0,2.3200549955372693,0.0,11.76858616764906
ppo_robust,sensor_dropout,3040,True,158,22.880000000000003,0,1.6860075036179005,18.354430379746837,0.44464344863843386
ppo_robust,sensor_dropout,3041,True,185,22.87999999999999,0,1.5988281875121166,35.13513513513514,0.32601022943668584
ppo_robust,sensor_dropout,3042,True,174,21.600000000000012,0,1.493750328000918,67.81609195402298,0.4304735963506238
ppo_robust,sensor_dropout,3043,True,139,21.600000000000016,0,1.5364323234777202,12.949640287769784,0.3941700727644277
ppo_robust,sensor_dropout,3044,False,600,61.91999999999999,0,4.17408300858067,46.166666666666664,1.7591973100183211
ppo_robust,sensor_dropout,3045,True,176,23.839999999999975,0,1.7249446814481577,28.40909090909091,0.3536830177212026
ppo_robust,sensor_dropout,3046,True,449,47.04000000000001,0,3.3422616489417907,13.585746102449889,0.38604105594840965
ppo_robust,sensor_dropout,3047,False,600,14.560000000000016,0,2.328946559665422,0.0,11.846391600715615
ppo_robust,sensor_dropout,3048,True,172,21.759999999999994,0,1.5950691279484788,62.2093023255814,0.40428965343878925
ppo_robust,sensor_dropout,3049,False,600,12.480000000000002,0,3.4231655360480926,0.0,11.788241142058524
random,left_disabled,3000,False,600,28.000000000000036,123,3.947958730419276,3.833333333333333,10.277456282259745
random,left_disabled,3001,False,600,50.39999999999999,8,12.530701569174733,46.666666666666664,17.196311247692922
random,left_disabled,3002,False,600,39.999999999999964,46,7.717607536204919,22.166666666666668,15.47172551805695
random,left_disabled,3003,False,600,32.48000000000001,97,9.702397445686865,10.333333333333334,10.996934907363999
random,left_disabled,3004,False,600,45.119999999999976,10,8.188190539116144,69.0,8.962268914277837
random,left_disabled,3005,False,600,41.92,38,9.219555994657059,41.833333333333336,11.49598022818571
random,left_disabled,3006,False,600,39.35999999999999,30,5.81099281292144,14.499999999999998,9.879985263982686
random,left_disabled,3007,False,600,48.479999999999976,7,12.340003900358134,41.66666666666667,16.12214968985176
random,left_disabled,3008,False,600,39.67999999999998,55,5.930470943428634,31.666666666666664,7.324226311624301
random,left_disabled,3009,False,600,32.16000000000002,99,4.639068952271555,12.333333333333334,17.730730003998875
random,left_disabled,3010,False,600,40.480000000000004,60,4.569948541916264,4.833333333333333,8.376370291182846
random,left_disabled,3011,False,600,39.519999999999996,69,2.4685115726155837,16.333333333333332,3.1112370261699716
random,left_disabled,3012,False,600,37.92,52,7.1237160296805575,41.833333333333336,8.774422490711707
random,left_disabled,3013,False,600,46.88000000000001,26,37.82938824135913,66.16666666666666,13.154771121833406
random,left_disabled,3014,False,600,45.120000000000005,28,9.24786847975745,30.833333333333336,11.471337065857625
random,left_disabled,3015,False,600,44.0,34,9.115151808729665,16.666666666666664,16.41904920436608
random,left_disabled,3016,False,600,44.79999999999998,21,4.383165899490697,43.166666666666664,4.016860023659778
random,left_disabled,3017,False,600,39.68000000000005,52,4.321581467131666,8.166666666666666,9.174731797019819
random,left_disabled,3018,False,600,36.32000000000002,48,5.42857597485839,64.83333333333333,7.428620176034677
random,left_disabled,3019,False,600,45.76000000000003,11,20.091355354928737,56.00000000000001,16.386205809294008
random,left_disabled,3020,False,600,40.480000000000004,66,9.688019415349977,31.0,17.2176658314559
random,left_disabled,3021,False,600,44.79999999999998,20,7.0944669718654065,47.833333333333336,10.66066980108224
random,left_disabled,3022,False,600,39.67999999999999,48,10.811348536474986,72.83333333333334,17.18871488521431
random,left_disabled,3023,False,600,43.04000000000003,39,10.934843403272636,13.333333333333334,17.219445218943086
random,left_disabled,3024,False,600,31.839999999999986,103,3.6906217147977225,6.5,9.04869710029249
random,left_disabled,3025,True,421,33.6,13,2.335364217293362,7.363420427553444,0.391569862535554
random,left_disabled,3026,False,600,42.079999999999984,37,7.152888070814991,60.66666666666667,13.429799207023928
random,left_disabled,3027,False,600,41.28,12,6.302122487016726,51.16666666666667,17.3635648717916
random,left_disabled,3028,False,600,32.479999999999976,92,8.31972754466695,4.166666666666666,12.506819268784707
random,left_disabled,3029,False,600,40.8,36,6.056651190979684,50.5,11.020674936457784
random,left_disabled,3030,False,600,32.79999999999998,94,4.9303214857357975,8.5,9.03630997025802
random,left_disabled,3031,False,600,34.24000000000002,118,8.554228640996485,23.0,16.98239784092619
random,left_disabled,3032,False,600,48.0,1,5.584167813494473,37.0,9.546604597742553
random,left_disabled,3033,False,600,43.20000000000003,50,6.873505294020836,44.83333333333333,17.602719303376496
random,left_disabled,3034,False,600,44.64000000000002,15,10.367374290667694,27.333333333333332,14.429815516728763
random,left_disabled,3035,False,600,44.639999999999986,24,7.702168319542992,27.833333333333332,12.752385930148094
random,left_disabled,3036,False,600,40.00000000000001,48,5.372039861799942,18.166666666666668,7.520809469601122
random,left_disabled,3037,False,600,43.83999999999999,11,5.532194151370264,36.833333333333336,6.24441058897726
random,left_disabled,3038,False,600,41.59999999999998,54,15.958556986597578,50.16666666666667,16.462184476576013
random,left_disabled,3039,False,600,38.400000000000006,47,6.6123934080354525,63.0,10.201703077478749
random,left_disabled,3040,False,600,43.67999999999998,28,3.1370829236830824,55.833333333333336,4.054150938864581
random,left_disabled,3041,False,600,44.16000000000002,20,9.790663102717712,41.66666666666667,11.33438366116506
random,left_disabled,3042,False,600,40.480000000000025,28,14.321547592773411,67.83333333333333,14.21199106272298
random,left_disabled,3043,False,600,41.76000000000002,16,14.079894867716389,13.166666666666666,11.747093157300732
random,left_disabled,3044,False,600,41.28,45,5.933034083772474,17.166666666666668,17.506289837212826
random,left_disabled,3045,False,600,34.08,94,4.169816111348153,0.0,10.333095617002122
random,left_disabled,3046,False,600,47.51999999999999,17,11.227623055877043,37.5,13.115977314022103
random,left_disabled,3047,False,600,36.31999999999999,75,8.043708237955943,12.5,12.301264713606791
random,left_disabled,3048,False,600,38.71999999999998,51,8.334887051999402,22.0,11.958397833985757
random,left_disabled,3049,False,600,39.519999999999996,53,5.529166793974542,66.5,7.4265283602256
moth,left_disabled,3000,False,600,92.63999999999999,0,578.9999999999305,77.0,14.134556842249857
moth,left_disabled,3001,False,600,92.64000000000003,0,370.7030747121118,75.0,13.961865401559368
moth,left_disabled,3002,False,600,92.64000000000004,0,514.1947498726513,77.66666666666666,13.95285447715344
moth,left_disabled,3003,False,600,92.64000000000001,0,578.9999999999524,78.83333333333333,14.14830747782847
moth,left_disabled,3004,False,600,85.27999999999994,32,38.08921327303242,52.33333333333333,15.385284343683706
moth,left_disabled,3005,False,600,92.63999999999999,0,578.9999999999035,78.83333333333333,14.146620287473151
moth,left_disabled,3006,False,600,76.79999999999998,28,19.80923784431488,1.0,14.999466978160173
moth,left_disabled,3007,False,600,92.64000000000001,0,370.70307471209,76.83333333333333,14.126872350272809
moth,left_disabled,3008,False,600,92.63999999999993,0,578.9999999999947,78.66666666666666,14.158390565384936
moth,left_disabled,3009,False,600,76.32,58,46.595675285919654,18.5,13.355337089674201
moth,left_disabled,3010,False,600,92.64000000000001,0,514.1947498726635,78.33333333333333,14.167109779891861
moth,left_disabled,3011,False,600,75.84000000000002,37,17.021499689081942,2.166666666666667,13.100760389681207
moth,left_disabled,3012,False,600,51.200000000000045,231,9.346962188500017,8.333333333333332,11.085433298385139
moth,left_disabled,3013,False,600,77.43999999999997,24,18.83141134167698,0.8333333333333334,13.23513435054399
moth,left_disabled,3014,False,600,92.64000000000006,0,248.2551074849694,77.83333333333333,13.831813620194358
moth,left_disabled,3015,False,600,92.64000000000003,0,370.7030747121209,75.16666666666667,13.924102361936134
moth,left_disabled,3016,False,600,91.04000000000002,4,28.97755018953298,71.16666666666667,17.10696957529951
moth,left_disabled,3017,False,600,92.64000000000001,0,578.9999999999512,77.66666666666666,14.157885944963699
moth,left_disabled,3018,False,600,92.63999999999999,0,248.25510748496382,77.83333333333333,14.083073247183496
moth,left_disabled,3019,False,600,23.99999999999997,413,5.3341220193106125,4.333333333333334,10.702385041707693
moth,left_disabled,3020,False,600,78.72000000000008,29,57.41336804743117,12.0,14.865942072480413
moth,left_disabled,3021,False,600,92.63999999999996,0,370.7030747121051,77.5,14.150296400281645
moth,left_disabled,3022,False,600,92.63999999999999,0,370.7030747120923,78.0,13.98636514267936
moth,left_disabled,3023,False,600,76.96000000000004,28,24.37219408312076,1.5,16.29148020429544
moth,left_disabled,3024,False,600,92.63999999999993,0,514.1947498726074,78.66666666666666,14.137193765620175
moth,left_disabled,3025,False,600,60.48000000000003,148,26.13365774851936,4.166666666666666,13.206941112751482
moth,left_disabled,3026,False,600,66.71999999999991,105,13.371095992665,2.833333333333333,18.094782992524806
moth,left_disabled,3027,False,600,92.63999999999993,0,514.1947498726391,77.83333333333333,14.034682494438703
moth,left_disabled,3028,False,600,60.480000000000004,151,15.474010657008042,5.5,16.019010102518244
moth,left_disabled,3029,False,600,92.63999999999997,0,514.1947498726471,77.5,13.980524308945663
moth,left_disabled,3030,False,600,91.03999999999994,4,29.349577706003853,70.66666666666667,17.05864813130161
moth,left_disabled,3031,False,600,92.64000000000001,0,578.9999999998614,78.16666666666666,14.098943502211783
moth,left_disabled,3032,False,600,92.63999999999996,0,514.194749872633,77.83333333333333,14.010101805703702
moth,left_disabled,3033,False,600,92.63999999999999,0,370.7030747121208,78.5,13.84808858516288
moth,left_disabled,3034,False,600,92.64,0,578.9999999998513,78.16666666666666,14.097848671745789
moth,left_disabled,3035,False,600,92.63999999999997,0,578.9999999997883,78.0,14.090232602287607
moth,left_disabled,3036,False,600,92.64000000000001,0,248.2551074849562,77.33333333333333,13.768545899561891
moth,left_disabled,3037,False,600,86.71999999999997,27,31.292159028007877,57.833333333333336,15.784517954953555
moth,left_disabled,3038,False,600,37.11999999999997,316,12.690221170725726,3.166666666666667,16.132947461815014
moth,left_disabled,3039,False,600,92.64000000000001,0,248.25510748496586,78.16666666666666,14.141389381165531
moth,left_disabled,3040,False,600,92.63999999999999,0,578.9999999998926,77.83333333333333,14.142832511363812
moth,left_disabled,3041,False,600,92.64000000000003,0,578.9999999998596,77.66666666666666,14.08007264226844
moth,left_disabled,3042,False,600,92.64000000000007,0,171.71886491978134,77.5,13.611773074740054
moth,left_disabled,3043,False,600,92.63999999999996,0,248.25510748498021,77.16666666666666,13.652801608499653
moth,left_disabled,3044,False,600,92.63999999999996,0,514.1947498725132,77.5,14.18986068869607
moth,left_disabled,3045,False,600,92.79999999999997,0,nan,79.33333333333333,14.010090297815939
moth,left_disabled,3046,False,600,92.63999999999997,0,514.1947498726352,77.66666666666666,13.995682560520068
moth,left_disabled,3047,False,600,92.64000000000007,0,370.70307471211635,77.0,14.171253882612222
moth,left_disabled,3048,False,600,92.63999999999999,0,514.194749872622,77.66666666666666,14.075655213503419
moth,left_disabled,3049,False,600,76.79999999999998,29,27.042074664984263,1.3333333333333335,15.855285435718335
ppo_normal,left_disabled,3000,False,600,23.839999999999996,0,1.4937833020350244,4.833333333333333,4.223844111055375
ppo_normal,left_disabled,3001,False,600,24.480000000000008,0,1.5472611265425156,5.5,4.164500579786907
ppo_normal,left_disabled,3002,False,600,22.560000000000002,0,1.4771777891359537,4.5,4.083085126895472
ppo_normal,left_disabled,3003,False,600,22.880000000000003,0,1.49728159138581,4.833333333333333,4.202181330109498
ppo_normal,left_disabled,3004,False,600,12.480000000000006,0,1.7225636555490158,5.333333333333334,8.475766377901111
ppo_normal,left_disabled,3005,False,600,22.56000000000001,0,1.469388199897418,5.166666666666667,4.0154342900362945
ppo_normal,left_disabled,3006,False,600,24.32,0,1.5163159058433973,4.666666666666667,4.175368897467309
ppo_normal,left_disabled,3007,False,600,16.96,0,1.1259119025640976,2.166666666666667,2.7577779563772356
ppo_normal,left_disabled,3008,False,600,23.359999999999996,0,1.5398768798124425,4.666666666666667,3.51792696957798
ppo_normal,left_disabled,3009,False,600,24.64000000000001,0,1.53428466167805,5.5,4.216404142203921
ppo_normal,left_disabled,3010,False,600,88.48000000000002,0,72.30473943429384,85.83333333333333,12.850636072988497
ppo_normal,left_disabled,3011,False,600,24.479999999999997,0,1.6205417773589386,5.833333333333333,4.172779593619112
ppo_normal,left_disabled,3012,False,600,23.999999999999993,0,1.511714329174404,5.166666666666667,4.19975770210828
ppo_normal,left_disabled,3013,False,600,25.279999999999987,0,1.5543248198785387,5.666666666666666,4.287147846864731
ppo_normal,left_disabled,3014,False,600,23.04000000000001,0,1.526630224627107,4.5,4.150696161651742
ppo_normal,left_disabled,3015,False,600,18.88000000000001,0,1.2614862794763486,2.5,3.422584856984728
ppo_normal,left_disabled,3016,False,600,16.960000000000004,0,1.1047173397196468,2.666666666666667,2.562606710460717
ppo_normal,left_disabled,3017,False,600,23.040000000000013,0,1.480053279332386,4.833333333333333,4.562502663597115
ppo_normal,left_disabled,3018,False,600,24.160000000000025,0,1.5696178397233027,5.833333333333333,4.59660997926991
ppo_normal,left_disabled,3019,False,600,3.6799999999999926,0,1.24898773764593,0.0,11.688416996298063
ppo_normal,left_disabled,3020,False,600,24.96000000000001,0,1.5536661737335486,5.333333333333334,4.157958574580551
ppo_normal,left_disabled,3021,False,600,34.239999999999995,0,2.2652667123093724,20.666666666666668,3.6644047272628097
ppo_normal,left_disabled,3022,False,600,23.84000000000001,0,1.5403075351978828,4.833333333333333,4.542355410399265
ppo_normal,left_disabled,3023,False,600,18.559999999999995,0,1.2378407228781438,2.666666666666667,2.5906937548249838
ppo_normal,left_disabled,3024,False,600,23.20000000000001,0,1.5192444211520328,4.333333333333334,4.154481824657499
ppo_normal,left_disabled,3025,False,600,30.879999999999992,0,2.0486346072141766,15.333333333333332,4.161236591726218
ppo_normal,left_disabled,3026,False,600,19.999999999999986,0,1.329901761863294,3.0,3.3097644063514324
ppo_normal,left_disabled,3027,False,600,16.639999999999993,0,1.1008635978934849,2.833333333333333,2.7758970867838113
ppo_normal,left_disabled,3028,False,600,21.760000000000034,0,1.4376327001323461,5.666666666666666,3.6712531278504503
ppo_normal,left_disabled,3029,False,600,24.00000000000002,0,1.497686191306427,4.5,4.293484904745527
ppo_normal,left_disabled,3030,False,600,24.320000000000004,0,1.578210636518223,6.666666666666667,4.2433096195487625
ppo_normal,left_disabled,3031,False,600,23.679999999999996,0,1.5075146626977707,5.5,4.336231936136065
ppo_normal,left_disabled,3032,False,600,23.360000000000014,0,1.5008398821441624,5.333333333333334,4.222248950216381
ppo_normal,left_disabled,3033,False,600,22.56,0,1.4682033131199086,4.333333333333334,3.932650782397797
ppo_normal,left_disabled,3034,False,600,22.56,0,1.4537903729659267,5.0,4.045565130843207
ppo_normal,left_disabled,3035,False,600,22.71999999999999,0,1.468726868316199,4.5,4.189236083027562
ppo_normal,left_disabled,3036,False,600,23.519999999999992,0,1.4991356285136934,5.166666666666667,4.540036893901723
ppo_normal,left_disabled,3037,False,600,24.48000000000001,0,1.4981154787142121,5.0,4.345336302401711
ppo_normal,left_disabled,3038,False,600,23.35999999999999,0,1.5092871314144547,4.666666666666667,4.529457786287762
ppo_normal,left_disabled,3039,False,600,23.52000000000001,0,1.563556917663121,5.0,4.27384901859708
ppo_normal,left_disabled,3040,False,600,16.639999999999997,0,1.0987220720660844,2.166666666666667,2.8411433387104674
ppo_normal,left_disabled,3041,False,600,16.79999999999999,0,1.114055028223077,1.8333333333333333,2.4344842706368635
ppo_normal,left_disabled,3042,False,600,23.520000000000003,0,1.5222050791479014,4.5,4.253634242911484
ppo_normal,left_disabled,3043,False,600,24.160000000000025,0,1.5799427652621576,5.333333333333334,4.29934365588034
ppo_normal,left_disabled,3044,False,600,16.64,0,1.0794757491322309,2.3333333333333335,2.6121642884972776
ppo_normal,left_disabled,3045,False,600,23.039999999999992,0,1.4815453339883935,5.333333333333334,4.516310038630924
ppo_normal,left_disabled,3046,False,600,23.839999999999996,0,1.5107264885208957,4.5,4.2802723258232565
ppo_normal,left_disabled,3047,False,600,26.239999999999984,0,1.7035301902029507,13.5,2.5264816532710195
ppo_normal,left_disabled,3048,False,600,16.479999999999993,0,1.1001418694227645,2.0,2.5093583934794994
ppo_normal,left_disabled,3049,False,600,17.92,0,1.201952977145462,2.5,3.004974915821951
ppo_robust,left_disabled,3000,True,579,73.11999999999998,0,5.081789537937563,69.08462867012089,0.3528133784795813
ppo_robust,left_disabled,3001,False,600,23.360000000000003,0,5.29181504044409,0.0,11.364661315508123
ppo_robust,left_disabled,3002,True,132,20.959999999999987,0,1.4612525792567979,6.8181818181818175,0.448342240199913
ppo_robust,left_disabled,3003,True,134,20.80000000000001,0,1.4854877570365455,8.208955223880597,0.41338481016195966
ppo_robust,left_disabled,3004,True,132,21.119999999999997,0,1.4600337254822515,8.333333333333332,0.4085812375899881
ppo_robust,left_disabled,3005,True,140,21.60000000000001,0,1.4999164842455244,7.857142857142857,0.41491716138022144
ppo_robust,left_disabled,3006,False,600,16.959999999999994,0,3.677037260518136,0.0,11.326644265585463
ppo_robust,left_disabled,3007,False,600,6.08,0,1.179968209614964,0.0,11.342659476876726
ppo_robust,left_disabled,3008,True,136,21.6,0,1.5858505249556207,9.558823529411764,0.44355550056300475
ppo_robust,left_disabled,3009,False,600,14.400000000000015,0,3.3364177341948484,0.0,11.218958679799595
ppo_robust,left_disabled,3010,True,136,21.440000000000012,0,1.5476059120059744,8.823529411764707,0.399378180788806
ppo_robust,left_disabled,3011,True,137,21.120000000000005,0,1.4755162827664334,7.2992700729927,0.36942252183462365
ppo_robust,left_disabled,3012,False,600,13.759999999999984,0,3.5093909556392795,0.0,11.549296107852873
ppo_robust,left_disabled,3013,False,600,13.600000000000009,0,3.3060915868797562,0.0,11.432090963732813
ppo_robust,left_disabled,3014,True,327,44.32000000000001,0,3.0806063637605714,46.17737003058104,0.3481262286038793
ppo_robust,left_disabled,3015,False,600,22.55999999999999,0,6.161559966728632,0.0,11.798456562988262
ppo_robust,left_disabled,3016,True,134,20.96,0,1.507675439633791,7.462686567164178,0.4313385493741708
ppo_robust,left_disabled,3017,True,134,21.12000000000001,0,1.5150734843613594,7.462686567164178,0.34427775172091746
ppo_robust,left_disabled,3018,True,321,43.51999999999999,0,3.008516951374594,42.36760124610592,0.37317836372189156
ppo_robust,left_disabled,3019,False,600,4.159999999999998,0,1.1064762054736768,0.0,11.387304318349345
ppo_robust,left_disabled,3020,False,600,14.55999999999999,0,3.440179901913399,0.0,11.225884935756893
ppo_robust,left_disabled,3021,True,131,20.8,0,1.4624219398541551,7.633587786259542,0.40939799076564304
ppo_robust,left_disabled,3022,True,176,27.039999999999992,0,1.8675292316414676,30.681818181818183,0.4296825791304665
ppo_robust,left_disabled,3023,False,600,13.44000000000001,0,3.5604363539968364,0.0,11.614227206422497
ppo_robust,left_disabled,3024,True,167,24.959999999999997,0,1.7343521457735307,43.712574850299404,0.37725433997950697
ppo_robust,left_disabled,3025,True,134,21.119999999999997,0,1.506099296064745,8.208955223880597,0.3841637897669963
ppo_robust,left_disabled,3026,True,188,25.119999999999997,0,1.7403167018168437,40.42553191489361,0.37222120867439024
ppo_robust,left_disabled,3027,True,137,21.280000000000022,0,1.5344024344858387,7.2992700729927,0.4300497966830996
ppo_robust,left_disabled,3028,True,135,21.28,0,1.478287937099851,8.148148148148149,0.4008040664471811
ppo_robust,left_disabled,3029,False,600,5.920000000000012,0,1.367732535695185,0.0,11.35989019497905
ppo_robust,left_disabled,3030,True,211,29.600000000000016,0,2.0607963167962464,17.061611374407583,0.3558469303488025
ppo_robust,left_disabled,3031,True,218,29.6,0,2.087057721966144,15.59633027522936,0.4070197387330854
ppo_robust,left_disabled,3032,True,197,26.08,0,1.8106188376554135,38.578680203045685,0.39886942489113436
ppo_robust,left_disabled,3033,True,168,24.799999999999997,0,1.7521038807116345,5.952380952380952,0.3260900142466933
ppo_robust,left_disabled,3034,True,189,25.27999999999999,0,1.755786703709259,40.21164021164021,0.4050477564681152
ppo_robust,left_disabled,3035,False,600,14.239999999999984,0,3.05251498600862,0.0,11.56723393958534
ppo_robust,left_disabled,3036,True,136,21.279999999999987,0,1.5071294921856337,7.352941176470589,0.3449766645573247
ppo_robust,left_disabled,3037,False,600,5.759999999999999,0,1.3401758747751913,0.0,11.290909510986976
ppo_robust,left_disabled,3038,True,133,21.12000000000001,0,1.4822322776803063,7.518796992481203,0.34797738785055204
ppo_robust,left_disabled,3039,False,600,15.040000000000031,0,2.3200549955372693,0.0,11.76858616764906
ppo_robust,left_disabled,3040,True,164,24.640000000000015,0,1.7113067453066355,45.73170731707317,0.41042788112819023
ppo_robust,left_disabled,3041,True,184,25.120000000000005,0,1.7467731114341642,39.67391304347826,0.37910208327799044
ppo_robust,left_disabled,3042,True,132,21.120000000000005,0,1.5272941420710047,9.090909090909092,0.3953572270562249
ppo_robust,left_disabled,3043,True,133,21.120000000000015,0,1.5439980890750216,9.774436090225564,0.43305018264950423
ppo_robust,left_disabled,3044,True,517,68.16000000000003,0,4.718154327691534,59.96131528046421,0.39785843636141566
ppo_robust,left_disabled,3045,True,135,21.119999999999976,0,1.5253602728328026,8.88888888888889,0.4293604776948375
ppo_robust,left_disabled,3046,True,138,21.44000000000001,0,1.5463253753801796,7.971014492753622,0.3569699131293928
ppo_robust,left_disabled,3047,False,600,14.400000000000013,0,2.2912787657262976,0.0,11.718215672014441
ppo_robust,left_disabled,3048,True,140,21.599999999999987,0,1.5023823038892126,7.857142857142857,0.4187084099362194
ppo_robust,left_disabled,3049,False,600,12.480000000000002,0,3.4231655360480926,0.0,11.788241142058524
random,changed_wind,3000,False,600,37.280000000000044,65,2.743468670098527,23.5,5.7208414074306
random,changed_wind,3001,False,600,46.240000000000016,34,8.158759675747577,57.166666666666664,17.242706659573095
random,changed_wind,3002,False,600,41.91999999999998,34,14.887116701840391,24.166666666666668,13.518403073994303
random,changed_wind,3003,False,600,47.03999999999999,6,3.73880088121749,0.0,3.414522092787604
random,changed_wind,3004,False,600,40.96,36,11.368455698249242,53.5,10.685969120665124
random,changed_wind,3005,False,600,39.83999999999999,51,6.440373076245969,55.166666666666664,9.475620008194317
random,changed_wind,3006,False,600,44.15999999999998,0,4.507184808346379,16.333333333333332,11.505791877470994
random,changed_wind,3007,False,600,47.99999999999998,10,12.780359645956878,45.166666666666664,15.74453903410107
random,changed_wind,3008,False,600,38.39999999999999,63,4.895501039255336,21.5,8.528372095128967
random,changed_wind,3009,False,600,27.840000000000025,126,2.869505311641748,35.66666666666667,17.51025616953775
random,changed_wind,3010,False,600,41.920000000000016,51,5.329787176892502,4.166666666666666,14.97427173052314
random,changed_wind,3011,False,600,38.4,76,2.2736262148292004,22.0,4.200013450998394
random,changed_wind,3012,False,600,43.67999999999999,16,180.64626864215256,42.833333333333336,13.830249594915713
random,changed_wind,3013,False,600,42.879999999999995,51,12.37668988331597,48.66666666666667,12.897514598937898
random,changed_wind,3014,False,600,40.64000000000002,56,5.431497266697612,31.0,13.296438092088296
random,changed_wind,3015,False,600,49.440000000000005,0,5.853053192221868,11.0,17.32957883332321
random,changed_wind,3016,False,600,36.00000000000001,76,4.500342964886766,68.16666666666666,6.0220064022004225
random,changed_wind,3017,False,600,36.16000000000003,74,3.9450717514542246,57.833333333333336,7.372411853244574
random,changed_wind,3018,False,600,35.84000000000003,51,22.7649861348494,69.0,12.844095578415963
random,changed_wind,3019,False,600,36.479999999999976,69,13.906290005920974,82.5,16.600644454196217
random,changed_wind,3020,False,600,26.559999999999974,153,4.664765947782243,73.83333333333333,17.289117871248887
random,changed_wind,3021,False,600,46.87999999999995,7,5.912397725854925,49.0,12.222440972779422
random,changed_wind,3022,False,600,41.11999999999999,39,9.771967233364116,73.66666666666667,17.891682158968695
random,changed_wind,3023,False,600,38.72000000000002,66,5.161890508839093,67.0,17.17857043652879
random,changed_wind,3024,False,600,36.639999999999986,73,3.6734679202282496,6.833333333333333,10.481937890366392
random,changed_wind,3025,False,600,39.359999999999985,73,6.114712320740784,1.5,14.553082908787768
random,changed_wind,3026,False,600,38.07999999999999,62,14.389352739856694,64.0,13.868223060018202
random,changed_wind,3027,False,600,39.20000000000002,25,8.278901565643984,66.83333333333333,16.834254488279182
random,changed_wind,3028,False,600,37.28,62,5.305143007015478,3.5000000000000004,14.796049760279589
random,changed_wind,3029,False,600,36.00000000000004,66,3.4290846209001895,64.83333333333333,4.482152855136938
random,changed_wind,3030,False,600,36.959999999999994,68,4.168082093283292,9.0,9.177620403798539
random,changed_wind,3031,False,600,27.99999999999999,157,7.931381546787559,67.83333333333333,17.50399643729026
random,changed_wind,3032,False,600,46.879999999999995,8,5.132031128671482,37.833333333333336,10.40731328513537
random,changed_wind,3033,False,600,44.79999999999998,40,5.888941280451353,44.83333333333333,17.03480926857402
random,changed_wind,3034,False,600,41.12000000000003,37,48.3306207470502,82.66666666666667,13.25912034814516
random,changed_wind,3035,False,600,38.24,64,14.281035383400354,76.5,12.66191527441069
random,changed_wind,3036,False,600,35.99999999999999,73,3.7914273508015977,17.166666666666668,7.890993234463951
random,changed_wind,3037,False,600,39.83999999999998,36,5.256569910523021,68.0,6.920096761419849
random,changed_wind,3038,False,600,37.75999999999999,78,12.327430699760923,35.5,16.33289569710834
random,changed_wind,3039,False,600,38.72,45,7.507204541733503,66.0,10.42699303433574
random,changed_wind,3040,False,600,36.479999999999976,73,9.414778283619299,72.5,10.19303744712114
random,changed_wind,3041,False,600,41.44000000000001,37,15.165122749432204,57.333333333333336,12.296958121290446
random,changed_wind,3042,False,600,40.799999999999976,26,16.7795587892235,66.16666666666666,15.049277849636038
random,changed_wind,3043,False,600,44.32000000000001,0,10.697431869318212,0.0,13.163929518211816
random,changed_wind,3044,False,600,38.08000000000001,65,9.305064430506066,43.0,17.667580198661764
random,changed_wind,3045,False,600,29.44,123,7.532591808460171,58.833333333333336,11.837093047889804
random,changed_wind,3046,False,600,40.16,63,11.716547731383422,56.333333333333336,12.464558235885445
random,changed_wind,3047,False,600,42.87999999999997,34,5.797128730574387,25.166666666666664,13.95358835755402
random,changed_wind,3048,False,600,36.319999999999986,66,12.865769112723898,57.666666666666664,11.303284402002223
random,changed_wind,3049,False,600,40.80000000000002,45,5.181762699731693,35.16666666666667,8.046533264190748
moth,changed_wind,3000,False,600,19.680000000000035,456,5.556796500748423,79.83333333333333,10.506629195285122
moth,changed_wind,3001,False,600,19.84,455,5.455116448729006,79.5,10.509191304168525
moth,changed_wind,3002,False,600,20.16000000000003,453,5.267148180622607,79.66666666666666,10.182933337580168
moth,changed_wind,3003,False,600,19.840000000000014,455,5.247290037360583,79.83333333333333,10.291417227483088
moth,changed_wind,3004,False,600,27.839999999999957,400,6.690970745119538,74.0,10.647969937021879
moth,changed_wind,3005,False,600,19.679999999999975,456,5.391764493758021,80.0,10.359179024546355
moth,changed_wind,3006,False,600,19.67999999999998,456,5.458519466294718,79.5,10.499373702884665
moth,changed_wind,3007,False,600,19.679999999999975,456,5.378327691418507,79.66666666666666,10.380653917393587
moth,changed_wind,3008,False,600,19.680000000000014,456,5.371357260729843,79.83333333333333,10.409731487815687
moth,changed_wind,3009,False,600,27.03999999999997,404,5.959498806220181,74.0,10.160039279117502
moth,changed_wind,3010,False,600,19.99999999999998,454,5.136293812186324,79.5,10.190169949094784
moth,changed_wind,3011,False,600,27.84000000000006,400,7.317894297021397,74.0,10.267831452959392
moth,changed_wind,3012,False,600,19.680000000000014,456,5.7009708834062724,79.5,10.621122813592985
moth,changed_wind,3013,False,600,19.840000000000007,455,5.522724053308148,79.5,10.604671218180863
moth,changed_wind,3014,False,600,20.48000000000002,451,5.288331363471363,79.33333333333333,10.325881936915605
moth,changed_wind,3015,False,600,20.159999999999993,453,5.025595476121082,79.33333333333333,10.29012580335105
moth,changed_wind,3016,False,600,27.03999999999995,405,7.255034408660385,74.5,10.459450366082875
moth,changed_wind,3017,False,600,19.680000000000042,456,5.3713572607298445,79.83333333333333,10.374928578060125
moth,changed_wind,3018,False,600,20.319999999999986,452,5.01242557511699,79.33333333333333,10.192721593585796
moth,changed_wind,3019,False,600,20.479999999999958,450,5.294496686742777,79.0,10.416049651169748
moth,changed_wind,3020,False,600,26.879999999999946,405,5.571365723630892,74.0,10.182335496999558
moth,changed_wind,3021,False,600,20.32000000000001,452,5.001701467090946,79.5,10.141230887078795
moth,changed_wind,3022,False,600,20.159999999999982,453,5.1865845423833,79.5,10.218213811993223
moth,changed_wind,3023,False,600,19.839999999999993,455,5.372006724264019,79.5,10.50947823814589
moth,changed_wind,3024,False,600,19.679999999999946,456,5.3686146660801715,79.66666666666666,10.394889038897725
moth,changed_wind,3025,False,600,28.799999999999972,392,6.90356735428096,72.83333333333334,10.570997195440492
moth,changed_wind,3026,False,600,28.319999999999986,396,6.813210095733692,73.16666666666667,10.497452352233212
moth,changed_wind,3027,False,600,19.999999999999982,454,5.061997363777617,79.66666666666666,10.22679865837452
moth,changed_wind,3028,False,600,28.800000000000008,392,7.0102156463215195,72.5,10.231375981434196
moth,changed_wind,3029,False,600,20.319999999999993,452,4.93386024178273,79.66666666666666,10.237059289212034
moth,changed_wind,3030,False,600,27.360000000000046,402,7.108987804244742,74.0,10.229027552061037
moth,changed_wind,3031,False,600,19.84000000000003,455,5.260314068159459,79.83333333333333,10.272321479096346
moth,changed_wind,3032,False,600,19.839999999999964,455,5.395541206466404,79.66666666666666,10.351254981892739
moth,changed_wind,3033,False,600,19.999999999999986,454,5.5949774584547,79.5,10.437707542233902
moth,changed_wind,3034,False,600,19.680000000000025,456,5.452541704865811,79.83333333333333,10.394924940977381
moth,changed_wind,3035,False,600,19.679999999999968,456,5.4456876656737085,79.83333333333333,10.39582478762486
moth,changed_wind,3036,False,600,20.000000000000014,454,5.31058767568945,79.33333333333333,10.243828070477688
moth,changed_wind,3037,False,600,26.72,406,6.702138573984745,73.83333333333333,10.391897724471542
moth,changed_wind,3038,False,600,28.96000000000003,391,7.248782270044857,72.5,10.221344543686824
moth,changed_wind,3039,False,600,20.15999999999999,453,5.07415291289443,79.16666666666666,10.260042053523835
moth,changed_wind,3040,False,600,19.67999999999996,456,5.403011864081621,79.83333333333333,10.360302317750769
moth,changed_wind,3041,False,600,19.68,456,5.551300082360917,79.83333333333333,10.478121824058183
moth,changed_wind,3042,False,600,20.32000000000003,452,5.310983600897066,79.16666666666666,10.222605354979766
moth,changed_wind,3043,False,600,20.640000000000047,450,5.553255723703406,79.33333333333333,10.297956419065944
moth,changed_wind,3044,False,600,19.999999999999993,454,5.122010843786484,79.66666666666666,10.189987070624294
moth,changed_wind,3045,False,600,19.6800000000001,457,5.3686146660801475,80.0,10.385669261323981
moth,changed_wind,3046,False,600,19.999999999999996,454,5.149230426259301,79.66666666666666,10.203336016296712
moth,changed_wind,3047,False,600,20.159999999999986,453,5.0310139385845645,79.5,10.113035708503734
moth,changed_wind,3048,False,600,19.680000000000007,456,5.431263841716171,79.5,10.382425311959086
moth,changed_wind,3049,False,600,19.999999999999986,454,5.123811036091301,79.33333333333333,10.427826149869128
ppo_normal,changed_wind,3000,False,600,24.800000000000026,0,1.4731216833837901,5.333333333333334,4.380412089742064
ppo_normal,changed_wind,3001,False,600,25.760000000000023,0,1.593797541439429,5.0,3.066629505678601
ppo_normal,changed_wind,3002,False,600,8.639999999999988,0,1.1366495322982522,6.166666666666667,7.354415199501578
ppo_normal,changed_wind,3003,False,600,8.799999999999988,0,1.1269842694960621,0.33333333333333337,7.1390969026720255
ppo_normal,changed_wind,3004,False,600,8.159999999999993,0,1.0693254243383201,0.0,7.1779684418377725
ppo_normal,changed_wind,3005,False,600,9.759999999999998,0,1.2493796389466916,3.0,7.377627086385039
ppo_normal,changed_wind,3006,False,600,24.320000000000007,0,1.5105765649548988,0.0,2.9042021834709346
ppo_normal,changed_wind,3007,True,359,36.959999999999994,0,2.5612575218428852,58.495821727019504,0.42110199194967773
ppo_normal,changed_wind,3008,False,600,8.959999999999994,0,1.1477797365726092,5.333333333333334,7.137861686142983
ppo_normal,changed_wind,3009,False,600,10.560000000000011,0,1.2528196653774895,51.66666666666667,7.300729099043878
ppo_normal,changed_wind,3010,False,600,21.120000000000005,0,1.2977282503063066,0.0,4.547921580393014
ppo_normal,changed_wind,3011,False,600,8.320000000000002,0,1.1176496734474248,37.833333333333336,7.1897782392018605
ppo_normal,changed_wind,3012,False,600,10.399999999999999,0,1.2362165490111177,1.3333333333333335,7.326305931443905
ppo_normal,changed_wind,3013,True,224,18.560000000000016,0,1.3433252517823908,26.785714285714285,0.31064027290802393
ppo_normal,changed_wind,3014,False,600,8.160000000000014,0,1.135561917691062,29.333333333333332,7.425088275222654
ppo_normal,changed_wind,3015,False,600,23.680000000000014,0,1.4272520356769967,0.0,3.706686525435503
ppo_normal,changed_wind,3016,False,600,8.799999999999995,0,1.1254609156950905,1.0,7.113691060981854
ppo_normal,changed_wind,3017,False,600,8.800000000000017,0,1.1699373098285584,0.5,7.465462610153319
ppo_normal,changed_wind,3018,False,600,7.680000000000003,0,1.0532990213103683,4.0,7.35529501580912
ppo_normal,changed_wind,3019,False,600,23.19999999999999,0,1.383946222532648,5.0,3.9089317925374303
ppo_normal,changed_wind,3020,False,600,10.720000000000002,0,1.2516139846936736,8.5,7.430558693263124
ppo_normal,changed_wind,3021,False,600,20.479999999999986,0,1.2815868744189223,0.0,3.724950174108275
ppo_normal,changed_wind,3022,False,600,20.800000000000004,0,1.300365836565193,0.0,3.729041531132738
ppo_normal,changed_wind,3023,False,600,10.239999999999998,0,1.2202680660687635,4.166666666666666,7.468602009373827
ppo_normal,changed_wind,3024,False,600,8.96,0,1.1816112782252715,14.333333333333334,7.222589979913732
ppo_normal,changed_wind,3025,False,600,20.960000000000004,0,1.3075354329265243,0.0,3.7829016128812674
ppo_normal,changed_wind,3026,False,600,7.680000000000002,0,1.0673549096606405,2.833333333333333,7.505184966487969
ppo_normal,changed_wind,3027,False,600,64.16000000000005,11,15.181002046901009,81.83333333333334,10.096146217588707
ppo_normal,changed_wind,3028,False,600,20.320000000000004,0,1.2445895493898964,0.0,4.347115231051216
ppo_normal,changed_wind,3029,False,600,23.839999999999996,0,1.405045971542084,5.166666666666667,4.445030877011198
ppo_normal,changed_wind,3030,False,600,8.47999999999999,0,1.094636343057563,8.666666666666668,7.05812705067118
ppo_normal,changed_wind,3031,False,600,33.60000000000001,1,2.070444588006986,19.0,3.6601056070792506
ppo_normal,changed_wind,3032,False,600,9.920000000000005,0,1.2317076452173732,6.0,7.313383606104523
ppo_normal,changed_wind,3033,False,600,9.279999999999992,0,1.1768381892280133,9.5,7.23847256652001
ppo_normal,changed_wind,3034,False,600,9.92,0,1.2362740153016316,5.833333333333333,7.227845235422978
ppo_normal,changed_wind,3035,False,600,9.760000000000002,0,1.193670103198455,0.0,7.242342905583928
ppo_normal,changed_wind,3036,False,600,8.800000000000011,0,1.1643927544269899,2.5,7.43444945814825
ppo_normal,changed_wind,3037,False,600,24.800000000000015,0,1.4791886619259669,5.5,3.8787986517674504
ppo_normal,changed_wind,3038,False,600,8.32,0,1.1053843761921254,0.8333333333333334,7.2179793294496495
ppo_normal,changed_wind,3039,False,600,7.840000000000007,0,1.077096778414947,16.166666666666664,7.328393171914678
ppo_normal,changed_wind,3040,False,600,9.759999999999987,0,1.1959211482951424,3.3333333333333335,7.14856465597224
ppo_normal,changed_wind,3041,False,600,69.12000000000003,5,11.410491299806711,79.33333333333333,9.634355290668559
ppo_normal,changed_wind,3042,False,600,8.479999999999988,0,1.1047222159584447,3.833333333333333,7.208241159773019
ppo_normal,changed_wind,3043,False,600,8.800000000000006,0,1.1295635407308198,5.166666666666667,7.171992245018178
ppo_normal,changed_wind,3044,False,600,21.280000000000005,0,1.307439014750748,0.0,4.3167337578003355
ppo_normal,changed_wind,3045,True,510,19.999999999999996,0,1.4008630458404259,38.82352941176471,0.366258174854924
ppo_normal,changed_wind,3046,False,600,9.600000000000001,0,1.2223278529230592,11.833333333333334,7.271511204719775
ppo_normal,changed_wind,3047,False,600,8.160000000000004,0,1.0753589744580279,0.6666666666666667,7.17045762694047
ppo_normal,changed_wind,3048,False,600,9.919999999999995,0,1.284874087638212,56.666666666666664,7.248474309648827
ppo_normal,changed_wind,3049,False,600,68.96000000000004,3,8.610353642926674,71.0,8.513131913149902
ppo_robust,changed_wind,3000,True,128,19.04,0,1.326770249524087,48.4375,0.4403571557910446
ppo_robust,changed_wind,3001,True,124,19.04,0,1.3741144885484355,47.58064516129033,0.3442303777762711
ppo_robust,changed_wind,3002,True,285,26.239999999999995,0,1.872876143338888,22.45614035087719,0.44734182252948523
ppo_robust,changed_wind,3003,True,127,19.040000000000013,0,1.3324353228659223,51.181102362204726,0.4098998451558341
ppo_robust,changed_wind,3004,True,107,16.640000000000004,0,1.171578076260372,49.532710280373834,0.4407037930193402
ppo_robust,changed_wind,3005,True,306,35.52000000000001,0,2.4631229009832465,79.08496732026144,0.42388298886092357
ppo_robust,changed_wind,3006,True,185,26.24,0,1.8314789944550425,38.37837837837838,0.3317886065332132
ppo_robust,changed_wind,3007,True,132,19.52,0,1.359058497479457,51.515151515151516,0.4236913405685754
ppo_robust,changed_wind,3008,False,600,24.639999999999993,0,2.4715859503612547,31.166666666666664,8.6578846615934
ppo_robust,changed_wind,3009,False,600,15.20000000000001,0,1.356729747422177,0.5,8.729484553679752
ppo_robust,changed_wind,3010,True,120,17.920000000000016,0,1.2386285149616043,51.66666666666667,0.42552551956292795
ppo_robust,changed_wind,3011,True,116,17.76,0,1.2270111940058512,51.724137931034484,0.42655041519573117
ppo_robust,changed_wind,3012,True,305,36.00000000000001,0,2.564784029793665,77.37704918032787,0.3468981835569442
ppo_robust,changed_wind,3013,True,126,19.199999999999985,0,1.380524235669932,45.23809523809524,0.37807305359488697
ppo_robust,changed_wind,3014,True,451,42.72,0,2.9836972762083365,50.99778270509978,0.32652858275343877
ppo_robust,changed_wind,3015,True,253,32.16,0,2.2500544593131857,47.82608695652174,0.4476290678688504
ppo_robust,changed_wind,3016,False,600,26.079999999999988,0,2.715935462009435,9.5,8.650279806895496
ppo_robust,changed_wind,3017,False,600,24.48000000000002,0,2.5094168382070627,28.333333333333332,8.697454724901094
ppo_robust,changed_wind,3018,False,600,15.200000000000006,0,1.6593376640058848,7.5,8.761157589612155
ppo_robust,changed_wind,3019,True,137,19.999999999999986,0,1.387880679260524,49.63503649635037,0.39851641875973787
ppo_robust,changed_wind,3020,True,128,19.519999999999996,0,1.4090734919332628,46.09375,0.33252979658436166
ppo_robust,changed_wind,3021,True,115,17.599999999999998,0,1.222467693081889,50.43478260869565,0.4459054015160123
ppo_robust,changed_wind,3022,True,117,17.760000000000005,0,1.2317231122207972,52.13675213675214,0.4408939723251707
ppo_robust,changed_wind,3023,True,142,20.63999999999999,0,1.4208728454169424,51.40845070422535,0.4446093905296292
ppo_robust,changed_wind,3024,True,328,30.559999999999988,0,2.131354745664666,26.52439024390244,0.44968525132033293
ppo_robust,changed_wind,3025,True,178,24.959999999999997,0,1.7342036418474693,44.9438202247191,0.30570007191859394
ppo_robust,changed_wind,3026,False,600,30.399999999999984,0,3.3415457757314555,16.666666666666664,8.478836210422227
ppo_robust,changed_wind,3027,True,233,29.12000000000002,0,2.021627965504837,72.53218884120172,0.3961192806380788
ppo_robust,changed_wind,3028,True,112,16.959999999999994,0,1.177388487353153,51.78571428571429,0.44191889585898925
ppo_robust,changed_wind,3029,True,131,19.83999999999999,0,1.4272823303622186,49.61832061068702,0.40109005948734505
ppo_robust,changed_wind,3030,False,600,17.12,0,1.810791190071394,0.16666666666666669,8.646404486070708
ppo_robust,changed_wind,3031,False,600,13.76000000000001,0,1.3291532607942904,10.0,8.658090129468022
ppo_robust,changed_wind,3032,True,125,19.039999999999996,0,1.3861843883870164,49.6,0.3820298156084165
ppo_robust,changed_wind,3033,True,438,40.0,0,2.786243488724861,50.91324200913242,0.3562463935616116
ppo_robust,changed_wind,3034,False,600,22.719999999999978,0,2.1751750135442727,23.833333333333336,8.623880694345361
ppo_robust,changed_wind,3035,True,142,20.640000000000004,0,1.4337922477052851,54.22535211267606,0.4155771001850865
ppo_robust,changed_wind,3036,False,600,14.240000000000006,0,1.4465729518516202,9.666666666666666,8.64998886655517
ppo_robust,changed_wind,3037,True,267,31.680000000000003,0,2.2035062835028847,74.15730337078652,0.30820245704296506
ppo_robust,changed_wind,3038,True,200,27.68,0,1.940354229828039,54.50000000000001,0.41859937306797296
ppo_robust,changed_wind,3039,False,600,14.4,0,1.5699990605018628,4.833333333333333,8.659850936459287
ppo_robust,changed_wind,3040,True,134,19.839999999999986,0,1.385282812224429,50.74626865671642,0.38585169192745844
ppo_robust,changed_wind,3041,True,118,18.080000000000002,0,1.3252967055742912,45.76271186440678,0.37601673702958266
ppo_robust,changed_wind,3042,True,173,24.32,0,1.6859800644643717,55.49132947976878,0.4426756737015281
ppo_robust,changed_wind,3043,False,600,22.400000000000013,0,2.273414434792862,0.5,8.683233045265368
ppo_robust,changed_wind,3044,True,129,19.84000000000001,0,1.4256377004184881,47.286821705426355,0.3512442258365045
ppo_robust,changed_wind,3045,False,600,16.319999999999993,0,1.6523422367561642,0.16666666666666669,8.587879792623745
ppo_robust,changed_wind,3046,False,600,13.919999999999991,0,1.3523240195515882,10.166666666666666,8.753775134567878
ppo_robust,changed_wind,3047,True,145,20.799999999999986,0,1.514298505145659,44.827586206896555,0.41072519803536434
ppo_robust,changed_wind,3048,True,265,31.04,0,2.1600915815740365,76.9811320754717,0.370593542174821
ppo_robust,changed_wind,3049,True,138,20.32000000000002,0,1.4107682214352038,51.449275362318836,0.447844493464464
random,new_obstacles,3000,False,600,25.76000000000004,137,4.5643795253244575,0.16666666666666669,12.107490382869907
random,new_obstacles,3001,False,600,46.23999999999998,34,12.45949300060738,45.83333333333333,17.167322298878464
random,new_obstacles,3002,False,600,39.999999999999964,46,7.717607536204919,22.833333333333332,15.47172551805695
random,new_obstacles,3003,False,600,30.080000000000005,112,16.40745611387453,6.666666666666667,13.073714535768987
random,new_obstacles,3004,False,600,42.07999999999997,29,10.888683010247778,67.0,10.56692464585772
random,new_obstacles,3005,False,600,40.00000000000001,50,12.896543115649074,51.33333333333333,12.843620737691623
random,new_obstacles,3006,False,600,38.39999999999999,36,5.73905291216017,15.333333333333332,9.982768659676065
random,new_obstacles,3007,False,600,48.479999999999976,7,12.340003900358134,43.833333333333336,16.12214968985176
random,new_obstacles,3008,False,600,40.63999999999997,49,8.400408691443202,24.666666666666668,9.58714799337403
random,new_obstacles,3009,False,600,31.520000000000007,103,4.631548427472078,12.833333333333332,17.61940151407438
random,new_obstacles,3010,False,600,35.52,91,8.291553340006574,7.000000000000001,14.511355648013947
random,new_obstacles,3011,False,600,26.39999999999999,151,4.715657009656633,21.333333333333336,9.276287402216795
random,new_obstacles,3012,False,600,40.95999999999999,33,22.09394098159008,42.66666666666667,12.55759568190671
random,new_obstacles,3013,False,600,47.20000000000001,24,11.145627736783512,63.16666666666667,10.87411492056697
random,new_obstacles,3014,False,600,44.640000000000015,31,9.159546860646637,31.5,10.876446715130195
random,new_obstacles,3015,False,600,44.00000000000001,34,8.749364393159777,27.333333333333332,16.781130902930645
random,new_obstacles,3016,False,600,40.80000000000001,46,6.3634913998260645,52.666666666666664,7.6124984392949955
random,new_obstacles,3017,False,600,32.32000000000005,98,3.9145890386211435,1.3333333333333335,10.255736485052473
random,new_obstacles,3018,False,600,40.000000000000036,25,6.289289323429422,58.5,7.9823453390680275
random,new_obstacles,3019,False,600,37.12000000000002,65,10.033738922827743,71.33333333333334,16.891061269657694
random,new_obstacles,3020,False,600,31.520000000000007,122,4.613907476503072,73.0,17.676557346161754
random,new_obstacles,3021,False,600,43.99999999999999,25,7.577612234610136,48.333333333333336,11.218942804716264
random,new_obstacles,3022,False,600,39.67999999999999,48,10.811348536474986,76.66666666666667,17.18871488521431
random,new_obstacles,3023,False,600,43.04000000000003,39,10.934843403272636,15.0,17.219445218943086
random,new_obstacles,3024,False,600,33.91999999999999,90,3.3128094254903204,6.833333333333333,7.657614231936996
random,new_obstacles,3025,False,600,27.83999999999999,145,3.379407015819558,0.0,8.701502828134783
random,new_obstacles,3026,False,600,40.63999999999999,46,8.341905236826058,63.33333333333333,14.026205514235718
random,new_obstacles,3027,False,600,39.680000000000014,22,6.036116259439768,61.0,17.283362186368546
random,new_obstacles,3028,False,600,32.479999999999976,92,8.31972754466695,5.666666666666666,12.506819268784707
random,new_obstacles,3029,False,600,38.55999999999999,50,6.0294601840644555,60.83333333333333,12.14083727441051
random,new_obstacles,3030,False,600,31.039999999999985,105,3.5027532197641884,9.0,6.969893064859712
random,new_obstacles,3031,False,600,34.24000000000002,118,8.554228640996485,31.666666666666664,16.98239784092619
random,new_obstacles,3032,False,600,46.39999999999999,11,6.357588943086194,40.166666666666664,10.317997595655278
random,new_obstacles,3033,False,600,43.20000000000003,50,6.873505294020836,45.666666666666664,17.602719303376496
random,new_obstacles,3034,False,600,44.64000000000002,15,10.367374290667694,31.833333333333336,14.429815516728763
random,new_obstacles,3035,False,600,43.99999999999998,28,7.887467393227697,41.5,13.261576002925022
random,new_obstacles,3036,False,600,36.32,71,6.684670515210568,27.833333333333332,9.43145741049105
random,new_obstacles,3037,False,600,42.719999999999985,18,6.213449770353657,38.0,7.279303326202428
random,new_obstacles,3038,False,600,37.91999999999997,77,15.901773792381896,45.5,16.4618293219912
random,new_obstacles,3039,False,600,36.80000000000001,57,8.008759050713644,67.16666666666666,11.703071574089732
random,new_obstacles,3040,False,600,39.999999999999986,51,4.247851396532686,74.16666666666667,4.7550167788206315
random,new_obstacles,3041,False,600,42.080000000000005,33,11.982447070990224,50.83333333333333,12.787793266077683
random,new_obstacles,3042,False,600,40.480000000000025,28,14.321547592773411,72.16666666666667,14.21199106272298
random,new_obstacles,3043,False,600,41.76000000000002,16,14.079894867716389,13.833333333333334,11.747093157300732
random,new_obstacles,3044,False,600,41.28,45,5.933034083772474,21.666666666666668,17.506289837212826
random,new_obstacles,3045,False,600,33.120000000000005,100,4.178684212750429,0.0,10.670195530865291
random,new_obstacles,3046,False,600,33.44000000000001,105,4.775064387962319,51.33333333333333,9.405758501193269
random,new_obstacles,3047,False,600,36.31999999999999,75,8.043708237955943,14.166666666666666,12.301264713606791
random,new_obstacles,3048,False,600,39.83999999999999,44,14.23151663860764,44.83333333333333,13.140028097943812
random,new_obstacles,3049,False,600,38.39999999999999,60,6.233184556632291,68.66666666666667,8.430400269528247
moth,new_obstacles,3000,False,600,25.759999999999966,418,2.706414455242235,79.83333333333333,4.540682395481214
moth,new_obstacles,3001,False,600,25.91999999999999,417,2.722549677454014,79.5,4.576456984455061
moth,new_obstacles,3002,False,600,25.920000000000005,417,2.722300449035687,79.66666666666666,4.4849917248901185
moth,new_obstacles,3003,False,600,25.760000000000034,418,2.659943309574797,79.83333333333333,4.593789744944848
moth,new_obstacles,3004,False,600,34.079999999999856,361,3.5419353004620535,74.0,4.493088830220367
moth,new_obstacles,3005,False,600,25.600000000000016,419,2.683071455717076,80.0,4.608141528327607
moth,new_obstacles,3006,False,600,25.600000000000012,419,2.693357923411146,79.5,4.611047731053255
moth,new_obstacles,3007,False,600,25.59999999999999,419,2.674235245097167,79.66666666666666,4.681001566574691
moth,new_obstacles,3008,False,600,25.60000000000001,419,2.6864364562926926,79.83333333333333,4.7122291780428585
moth,new_obstacles,3009,False,600,26.23999999999997,415,2.7426608642215555,79.0,4.569199050572028
moth,new_obstacles,3010,False,600,25.59999999999999,419,2.699215769643094,79.5,4.590355798568145
moth,new_obstacles,3011,False,600,33.59999999999992,364,3.526815564805744,74.0,4.523146842848797
moth,new_obstacles,3012,False,600,25.920000000000023,417,2.6603608133288827,79.5,4.5349076733294735
moth,new_obstacles,3013,False,600,25.920000000000048,417,2.7107160238396384,79.5,4.5852960888289065
moth,new_obstacles,3014,False,600,26.4,414,2.707907781389065,79.33333333333333,4.640550299859776
moth,new_obstacles,3015,False,600,25.920000000000005,417,2.733198569168764,79.5,4.603665167380797
moth,new_obstacles,3016,False,600,32.96000000000002,368,3.4627273892433794,74.5,4.672264449041556
moth,new_obstacles,3017,False,600,25.599999999999984,419,2.671192706364521,79.83333333333333,4.617956219156431
moth,new_obstacles,3018,False,600,26.079999999999963,416,2.643582094996216,79.33333333333333,4.7066870775169205
moth,new_obstacles,3019,False,600,26.559999999999963,412,2.716822485653997,79.0,4.499392533652427
moth,new_obstacles,3020,False,600,26.24000000000006,415,2.6692232447288826,79.33333333333333,4.509907754386867
moth,new_obstacles,3021,False,600,25.919999999999963,417,2.682438055810599,79.5,4.587704572146705
moth,new_obstacles,3022,False,600,25.920000000000012,417,2.701561646406072,79.5,4.589284681129319
moth,new_obstacles,3023,False,600,25.920000000000012,417,2.7141699492919638,79.5,4.5555906150532985
moth,new_obstacles,3024,False,600,25.59999999999993,419,2.6793770306671174,79.66666666666666,4.692936084169481
moth,new_obstacles,3025,False,600,34.87999999999998,354,3.5826644766305624,72.83333333333334,4.562239844451754
moth,new_obstacles,3026,False,600,34.39999999999998,358,3.5019186424211237,73.16666666666667,4.529901508923884
moth,new_obstacles,3027,False,600,25.919999999999945,417,2.7405745160961703,79.66666666666666,4.586498152734459
moth,new_obstacles,3028,False,600,34.559999999999974,356,3.569777293564946,72.5,4.50323790431739
moth,new_obstacles,3029,False,600,22.07999999999999,441,3.7650443273575385,79.66666666666666,8.600192913535064
moth,new_obstacles,3030,False,600,33.11999999999996,366,3.4750712821708447,74.0,4.5077326962747275
moth,new_obstacles,3031,False,600,25.59999999999998,419,2.697456901145438,79.83333333333333,4.660643476206201
moth,new_obstacles,3032,False,600,25.59999999999995,419,2.714597196308849,79.66666666666666,4.637121395565048
moth,new_obstacles,3033,False,600,26.079999999999973,416,2.738524522736762,79.5,4.611541205215094
moth,new_obstacles,3034,False,600,25.599999999999973,419,2.7048132997901435,79.83333333333333,4.55766170826255
moth,new_obstacles,3035,False,600,25.60000000000003,419,2.696463750102672,79.83333333333333,4.5384762758062624
moth,new_obstacles,3036,False,600,25.760000000000034,418,2.7072886264084937,79.33333333333333,4.502126819928913
moth,new_obstacles,3037,False,600,26.399999999999995,414,2.7369265518315053,79.5,4.490039744264566
moth,new_obstacles,3038,False,600,34.55999999999999,356,3.6443478929569664,72.5,4.6074654158012835
moth,new_obstacles,3039,False,600,25.91999999999997,417,2.674075817092585,79.16666666666666,4.553628751071858
moth,new_obstacles,3040,False,600,25.599999999999955,419,2.6852863341283713,79.83333333333333,4.584307080886779
moth,new_obstacles,3041,False,600,25.60000000000009,419,2.7246896821185698,79.83333333333333,4.727478518672798
moth,new_obstacles,3042,False,600,26.08000000000007,416,2.7310692214774566,79.16666666666666,4.499909883560999
moth,new_obstacles,3043,False,600,26.399999999999956,414,2.8069667174443502,79.33333333333333,4.624074398383699
moth,new_obstacles,3044,False,600,25.759999999999994,418,2.706691646627402,79.66666666666666,4.578219965975696
moth,new_obstacles,3045,False,600,25.599999999999994,420,2.696170818338309,80.0,4.528279434003927
moth,new_obstacles,3046,False,600,25.759999999999998,418,2.709042459424208,79.66666666666666,4.500064472823453
moth,new_obstacles,3047,False,600,25.759999999999994,418,2.694311686067435,79.5,4.532100307504694
moth,new_obstacles,3048,False,600,25.600000000000048,419,2.6892563937308553,79.5,4.549008926723685
moth,new_obstacles,3049,False,600,26.079999999999973,416,2.7340146024816114,79.33333333333333,4.598485673742917
ppo_normal,new_obstacles,3000,True,320,42.400000000000006,0,2.954291333325976,83.125,0.4134244148776138
ppo_normal,new_obstacles,3001,False,600,24.319999999999997,0,1.585485803848617,10.666666666666668,2.1291948309192787
ppo_normal,new_obstacles,3002,True,126,17.75999999999999,0,1.291943800603147,59.523809523809526,0.4189232617591284
ppo_normal,new_obstacles,3003,False,600,18.400000000000013,0,2.009132388374146,33.33333333333333,5.683249969069728
ppo_normal,new_obstacles,3004,True,250,27.359999999999992,0,1.8987381848291491,68.0,0.4283285751570145
ppo_normal,new_obstacles,3005,True,154,21.280000000000005,1,1.543733287349178,67.53246753246754,0.35419721816999505
ppo_normal,new_obstacles,3006,True,479,55.36000000000003,52,4.03844006418053,88.72651356993737,0.3538375431421018
ppo_normal,new_obstacles,3007,True,268,36.47999999999999,1,2.6789795674960852,78.35820895522389,0.4499186504101114
ppo_normal,new_obstacles,3008,True,119,17.12,0,1.2508794008055015,58.82352941176471,0.44290780997720314
ppo_normal,new_obstacles,3009,True,139,19.04000000000001,0,1.3833960049287461,51.07913669064749,0.43388224822111077
ppo_normal,new_obstacles,3010,True,300,29.92,0,2.1824535333587094,63.33333333333333,0.3647119023214278
ppo_normal,new_obstacles,3011,False,600,15.519999999999998,0,1.6661594557696324,21.5,5.846652629406686
ppo_normal,new_obstacles,3012,False,600,11.519999999999996,0,1.3508638986289474,11.666666666666666,5.893141133360176
ppo_normal,new_obstacles,3013,True,131,18.87999999999999,0,1.3535656897059707,55.72519083969466,0.34083210569024863
ppo_normal,new_obstacles,3014,True,184,19.200000000000028,0,1.3303839162623612,58.152173913043484,0.3745164698791023
ppo_normal,new_obstacles,3015,True,146,20.48000000000001,0,1.4923434403624554,60.95890410958904,0.3640134895181408
ppo_normal,new_obstacles,3016,True,171,19.199999999999996,0,1.387707478867127,45.614035087719294,0.44407126630609406
ppo_normal,new_obstacles,3017,True,134,18.880000000000024,0,1.3837937573253525,62.68656716417911,0.39790775048656707
ppo_normal,new_obstacles,3018,True,189,19.040000000000013,0,1.3905997600873308,48.67724867724868,0.42352329295823266
ppo_normal,new_obstacles,3019,False,600,30.719999999999974,0,1.8828532862711955,18.333333333333332,4.400120754940894
ppo_normal,new_obstacles,3020,True,206,28.160000000000004,0,1.933897846235107,71.84466019417476,0.4397339081867438
ppo_normal,new_obstacles,3021,True,240,19.999999999999986,33,1.3804420399453434,67.91666666666667,0.3769964572059757
ppo_normal,new_obstacles,3022,True,264,29.76000000000003,0,2.0594953141621537,70.45454545454545,0.398014751789916
ppo_normal,new_obstacles,3023,True,153,20.159999999999993,4,1.4391020280218882,61.43790849673203,0.40570743455284347
ppo_normal,new_obstacles,3024,True,145,20.480000000000008,0,1.5036849937568446,61.37931034482759,0.39537282451838385
ppo_normal,new_obstacles,3025,True,304,28.63999999999999,1,2.0717535402119567,31.25,0.4189032921533502
ppo_normal,new_obstacles,3026,True,240,27.03999999999999,0,1.9588871958579268,65.41666666666667,0.39674311982847926
ppo_normal,new_obstacles,3027,False,600,28.0,0,1.8376672611904497,17.5,2.627453338141772
ppo_normal,new_obstacles,3028,True,190,18.40000000000002,0,1.3269319591959308,56.315789473684205,0.4475494083087943
ppo_normal,new_obstacles,3029,True,129,18.080000000000013,0,1.314841938376873,58.91472868217055,0.3921572184022982
ppo_normal,new_obstacles,3030,True,332,47.83999999999999,0,3.4587128231515205,85.54216867469879,0.3775757041204936
ppo_normal,new_obstacles,3031,True,127,17.76000000000001,0,1.2811289680175457,59.84251968503938,0.4024206698782211
ppo_normal,new_obstacles,3032,False,600,22.08,0,1.4056266806498743,6.333333333333334,4.023128405409049
ppo_normal,new_obstacles,3033,False,600,20.47999999999999,0,1.3283844620759073,5.666666666666666,4.069094026122936
ppo_normal,new_obstacles,3034,True,314,40.31999999999999,6,2.926342513754504,84.07643312101911,0.34603276864915244
ppo_normal,new_obstacles,3035,True,127,17.439999999999994,0,1.2562783379711426,58.26771653543307,0.4265401574009292
ppo_normal,new_obstacles,3036,True,191,19.999999999999993,0,1.3918999219499135,53.92670157068062,0.4058051085641055
ppo_normal,new_obstacles,3037,True,203,27.200000000000017,0,1.9272259791517015,71.92118226600985,0.38147078043408456
ppo_normal,new_obstacles,3038,True,194,19.359999999999992,0,1.3505118416570248,57.73195876288659,0.38520433193331005
ppo_normal,new_obstacles,3039,True,152,21.12,0,1.45120966754508,65.78947368421053,0.43705242517434534
ppo_normal,new_obstacles,3040,True,445,36.8,0,2.667305326089913,31.910112359550563,0.39587880853324064
ppo_normal,new_obstacles,3041,True,156,20.639999999999993,0,1.435617375507963,66.66666666666666,0.41731356735638486
ppo_normal,new_obstacles,3042,True,223,29.920000000000005,0,2.0725706445909693,78.02690582959642,0.43254789349232886
ppo_normal,new_obstacles,3043,True,287,32.8,0,2.3934327930439996,74.21602787456446,0.40727185411428873
ppo_normal,new_obstacles,3044,False,600,21.279999999999994,0,1.4106967381738333,7.333333333333333,3.9153942888353774
ppo_normal,new_obstacles,3045,True,128,17.599999999999987,0,1.2881888982806988,59.375,0.3478713570273573
ppo_normal,new_obstacles,3046,True,339,28.799999999999997,0,2.059161967572767,27.728613569321535,0.38998586750559033
ppo_normal,new_obstacles,3047,True,394,30.71999999999999,0,2.1854660111983923,42.13197969543147,0.3520475397585202
ppo_normal,new_obstacles,3048,True,359,42.72,0,3.142694652422522,77.15877437325905,0.4347030275205419
ppo_normal,new_obstacles,3049,True,164,19.040000000000006,19,1.3841108599132323,65.85365853658537,0.37082225427946547
ppo_robust,new_obstacles,3000,False,600,19.839999999999996,0,1.282605972702899,82.5,3.5481827240281842
ppo_robust,new_obstacles,3001,True,302,34.239999999999995,0,2.3674857720289166,37.74834437086093,0.39176788862051615
ppo_robust,new_obstacles,3002,True,143,21.599999999999987,0,1.527487035190687,13.986013986013987,0.4279634605071439
ppo_robust,new_obstacles,3003,True,135,20.80000000000001,0,1.44494338860881,11.11111111111111,0.4436662761912358
ppo_robust,new_obstacles,3004,True,138,21.439999999999987,0,1.4994084169540525,10.144927536231885,0.386131901777099
ppo_robust,new_obstacles,3005,True,142,21.600000000000012,0,1.5720603340667636,13.380281690140844,0.3652171795716898
ppo_robust,new_obstacles,3006,True,143,21.920000000000005,0,1.5138685107169423,12.587412587412588,0.43596627366504853
ppo_robust,new_obstacles,3007,True,150,22.400000000000006,0,1.5765411694046794,12.0,0.43416108232238365
ppo_robust,new_obstacles,3008,True,138,21.28,0,1.4903602801015723,8.695652173913043,0.4222151420755061
ppo_robust,new_obstacles,3009,True,147,22.24000000000003,0,1.544115225308902,11.564625850340136,0.33236217001990126
ppo_robust,new_obstacles,3010,True,140,21.600000000000012,0,1.4924695852471794,12.142857142857142,0.41123362898808646
ppo_robust,new_obstacles,3011,True,137,21.119999999999976,0,1.5031034437513087,10.948905109489052,0.3967690042780285
ppo_robust,new_obstacles,3012,True,138,21.440000000000023,0,1.51724332751716,9.420289855072465,0.3234311732814214
ppo_robust,new_obstacles,3013,True,146,22.240000000000016,0,1.5872284157393268,10.273972602739725,0.42711735683207386
ppo_robust,new_obstacles,3014,True,138,21.12000000000001,0,1.5046287762210915,10.869565217391305,0.4217781746522229
ppo_robust,new_obstacles,3015,True,426,23.52000000000002,0,1.6187567556212321,70.89201877934272,0.44581311076711705
ppo_robust,new_obstacles,3016,True,136,20.959999999999987,0,1.469626030211965,9.558823529411764,0.34946646092427225
ppo_robust,new_obstacles,3017,True,139,21.280000000000005,0,1.5307431569598033,10.79136690647482,0.39416510000920507
ppo_robust,new_obstacles,3018,True,135,21.12,0,1.4652666514812918,9.62962962962963,0.3636039319812034
ppo_robust,new_obstacles,3019,False,600,3.5199999999999916,0,1.2569944050009543,0.0,12.839689415003193
ppo_robust,new_obstacles,3020,True,161,23.52000000000001,0,1.6195074792711897,19.875776397515526,0.38663535472282284
ppo_robust,new_obstacles,3021,True,139,21.439999999999998,0,1.4872582192205293,10.79136690647482,0.4163366615048128
ppo_robust,new_obstacles,3022,True,138,21.119999999999987,0,1.5072657765784203,10.144927536231885,0.4444724044403757
ppo_robust,new_obstacles,3023,True,140,21.60000000000001,0,1.5288766256320403,10.714285714285714,0.37262439734898195
ppo_robust,new_obstacles,3024,True,137,21.119999999999994,0,1.4829940214448312,10.218978102189782,0.4443674016738858
ppo_robust,new_obstacles,3025,True,139,21.439999999999994,0,1.4942386192122254,10.79136690647482,0.4009731019665809
ppo_robust,new_obstacles,3026,True,138,21.43999999999999,0,1.4957424608124366,10.144927536231885,0.3990472024624414
ppo_robust,new_obstacles,3027,True,137,21.279999999999994,0,1.5146491756606248,10.218978102189782,0.443094815716763
ppo_robust,new_obstacles,3028,True,140,21.440000000000005,0,1.5079399109316507,12.142857142857142,0.37283010787403703
ppo_robust,new_obstacles,3029,True,141,21.600000000000023,0,1.5584911233929053,9.929078014184398,0.43855396301394156
ppo_robust,new_obstacles,3030,True,258,30.72,0,2.1393293297816123,51.93798449612403,0.4232202309845402
ppo_robust,new_obstacles,3031,True,140,21.119999999999987,0,1.5076401162774073,10.714285714285714,0.3831249864868546
ppo_robust,new_obstacles,3032,True,138,21.279999999999973,0,1.5134422875683258,10.144927536231885,0.43612435354870543
ppo_robust,new_obstacles,3033,True,137,21.279999999999994,0,1.5014371737955345,10.218978102189782,0.39720311607519526
ppo_robust,new_obstacles,3034,True,136,21.120000000000005,0,1.4996927384896193,10.294117647058822,0.41785921172672463
ppo_robust,new_obstacles,3035,True,135,20.959999999999994,0,1.4922760882914754,11.11111111111111,0.4028540658420268
ppo_robust,new_obstacles,3036,True,406,46.56000000000002,0,3.2945040844414333,14.77832512315271,0.42939568547222645
ppo_robust,new_obstacles,3037,True,139,21.599999999999984,0,1.5052406878765876,10.071942446043165,0.4254036129177998
ppo_robust,new_obstacles,3038,True,137,21.12000000000001,0,1.4714848104665537,10.218978102189782,0.40957664579264613
ppo_robust,new_obstacles,3039,True,139,21.440000000000005,0,1.5051426291374843,9.352517985611511,0.42212644185534626
ppo_robust,new_obstacles,3040,True,149,21.92,0,1.5211501666422886,15.436241610738255,0.4491107111381878
ppo_robust,new_obstacles,3041,False,600,60.48000000000002,0,4.207611776345967,38.0,3.546270269707078
ppo_robust,new_obstacles,3042,True,138,21.28000000000001,0,1.5052588849737558,10.869565217391305,0.38408614459947815
ppo_robust,new_obstacles,3043,True,137,21.28,0,1.4920663391869151,12.408759124087592,0.38501859046765796
ppo_robust,new_obstacles,3044,False,600,10.40000000000001,0,2.023149004637448,0.0,13.178295773747747
ppo_robust,new_obstacles,3045,True,146,21.919999999999987,0,1.52286160892074,15.753424657534246,0.41655188923419
ppo_robust,new_obstacles,3046,True,326,22.560000000000002,0,1.571459453548898,62.57668711656442,0.3914538661013973
ppo_robust,new_obstacles,3047,True,140,21.43999999999999,0,1.5165347406239644,10.0,0.4094172687089082
ppo_robust,new_obstacles,3048,True,217,27.52000000000001,0,1.9126647039551379,44.23963133640553,0.4332925986175949
ppo_robust,new_obstacles,3049,True,274,33.600000000000016,0,2.342138742417088,38.68613138686132,0.43817886892722874
